movieId,tagId,relevance
1,1,0.02875
1,2,0.02375
1,3,0.0625
1,4,0.07575
1,5,0.14075
1,6,0.14675
1,7,0.0635
1,8,0.20375
1,9,0.202
1,10,0.03075
1,11,0.58025
1,12,0.1025
1,13,0.20175
1,14,0.007
1,15,0.0245
1,16,0.17275
1,17,0.0165
1,18,0.104
1,19,0.6625
1,20,0.30075
1,21,0.31675
1,22,0.286
1,23,0.06275
1,24,0.01925
1,25,0.05875
1,26,0.07925
1,27,0.1965
1,28,0.09325
1,29,0.89375
1,30,0.67625
1,31,0.03575
1,32,0.23325
1,33,0.3075
1,34,0.0545
1,35,0.038
1,36,0.212
1,37,0.08
1,38,0.0155
1,39,0.0195
1,40,0.01925
1,41,0.015
1,42,0.03
1,43,0.09075
1,44,0.0225
1,45,0.246
1,46,0.246
1,47,0.0105
1,48,0.16675
1,49,0.2935
1,50,0.15
1,51,0.26775
1,52,0.186
1,53,0.25725
1,54,0.15
1,55,0.2205
1,56,0.01425
1,57,0.02425
1,58,0.02925
1,59,0.08425
1,60,0.03375
1,61,0.6175
1,62,0.63
1,63,0.94725
1,64,0.98425
1,65,0.09975
1,66,0.0415
1,67,0.135
1,68,0.034
1,69,0.01825
1,70,0.14525
1,71,0.01675
1,72,0.018
1,73,0.0595
1,74,0.00975
1,75,0.20125
1,76,0.01675
1,77,0.05925
1,78,0.038
1,79,0.32925
1,80,0.02875
1,81,0.062
1,82,0.087
1,83,0.036
1,84,0.30475
1,85,0.068
1,86,0.33625
1,87,0.0365
1,88,0.00575
1,89,0.00675
1,90,0.05275
1,91,0.03325
1,92,0.02075
1,93,0.3435
1,94,0.36225
1,95,0.074
1,96,0.06625
1,97,0.08175
1,98,0.064
1,99,0.12525
1,100,0.1055
1,101,0.051
1,102,0.01225
1,103,0.00725
1,104,0.004
1,105,0.0235
1,106,0.00525
1,107,0.1635
1,108,0.03825
1,109,0.19525
1,110,0.0795
1,111,0.03625
1,112,0.019
1,113,0.501
1,114,0.02175
1,115,0.1745
1,116,0.01575
1,117,0.0055
1,118,0.027
1,119,0.00375
1,120,0.1235
1,121,0.31225
1,122,0.23125
1,123,0.01
1,124,0.047
1,125,0.04275
1,126,0.08225
1,127,0.047
1,128,0.368
1,129,0.2315
1,130,0.019
1,131,0.01675
1,132,0.29325
1,133,0.08975
1,134,0.04475
1,135,0.05425
1,136,0.09475
1,137,0.06575
1,138,0.3295
1,139,0.028
1,140,0.11525
1,141,0.11225
1,142,0.01225
1,143,0.16625
1,144,0.08575
1,145,0.079
1,146,0.07325
1,147,0.02025
1,148,0.03175
1,149,0.08
1,150,0.0255
1,151,0.05
1,152,0.08075
1,153,0.04675
1,154,0.22925
1,155,0.05275
1,156,0.05375
1,157,0.032
1,158,0.03625
1,159,0.021
1,160,0.18525
1,161,0.0185
1,162,0.1835
1,163,0.08275
1,164,0.221
1,165,0.058
1,166,0.01325
1,167,0.1405
1,168,0.042
1,169,0.227
1,170,0.55075
1,171,0.1135
1,172,0.533
1,173,0.063
1,174,0.01575
1,175,0.1935
1,176,0.1395
1,177,0.0415
1,178,0.02875
1,179,0.06075
1,180,0.0265
1,181,0.0495
1,182,0.03475
1,183,0.04875
1,184,0.03475
1,185,0.14575
1,186,0.95475
1,187,0.009
1,188,0.53625
1,189,0.0625
1,190,0.02475
1,191,0.114
1,192,0.31225
1,193,0.8145
1,194,0.1325
1,195,0.5075
1,196,0.10875
1,197,0.026
1,198,0.074
1,199,0.13675
1,200,0.01575
1,201,0.0455
1,202,0.012
1,203,0.90375
1,204,0.95975
1,205,0.0215
1,206,0.09725
1,207,0.01725
1,208,0.017
1,209,0.00825
1,210,0.0125
1,211,0.0205
1,212,0.18625
1,213,0.05025
1,214,0.02325
1,215,0.815
1,216,0.254
1,217,0.01375
1,218,0.1985
1,219,0.0115
1,220,0.7445
1,221,0.05325
1,222,0.10125
1,223,0.057
1,224,0.03275
1,225,0.00675
1,226,0.08375
1,227,0.066
1,228,0.049
1,229,0.6525
1,230,0.61675
1,231,0.12175
1,232,0.05
1,233,0.08375
1,234,0.07175
1,235,0.26925
1,236,0.17025
1,237,0.0195
1,238,0.26625
1,239,0.119
1,240,0.312
1,241,0.05775
1,242,0.1375
1,243,0.14225
1,244,0.99875
1,245,0.054
1,246,0.34875
1,247,0.02575
1,248,0.04775
1,249,0.03175
1,250,0.0275
1,251,0.16225
1,252,0.0715
1,253,0.027
1,254,0.018
1,255,0.53475
1,256,0.08575
1,257,0.027
1,258,0.266
1,259,0.071
1,260,0.451
1,261,0.018
1,262,0.0275
1,263,0.01825
1,264,0.0545
1,265,0.09075
1,266,0.68475
1,267,0.1115
1,268,0.08475
1,269,0.244
1,270,0.363
1,271,0.035
1,272,0.3555
1,273,0.039
1,274,0.2085
1,275,0.32775
1,276,0.233
1,277,0.443
1,278,0.842
1,279,0.68625
1,280,0.0175
1,281,0.01775
1,282,0.21375
1,283,0.017
1,284,0.011
1,285,0.10675
1,286,0.083
1,287,0.0435
1,288,0.13675
1,289,0.07925
1,290,0.013
1,291,0.01875
1,292,0.1695
1,293,0.04625
1,294,0.04775
1,295,0.0075
1,296,0.06675
1,297,0.17775
1,298,0.0925
1,299,0.5515
1,300,0.03525
1,301,0.01125
1,302,0.63875
1,303,0.10325
1,304,0.5605
1,305,0.163
1,306,0.06475
1,307,0.01225
1,308,0.0515
1,309,0.83925
1,310,0.893
1,311,0.204
1,312,0.1025
1,313,0.14825
1,314,0.1735
1,315,0.03925
1,316,0.186
1,317,0.09125
1,318,0.039
1,319,0.20375
1,320,0.04525
1,321,0.0285
1,322,0.1165
1,323,0.34075
1,324,0.2105
1,325,0.11175
1,326,0.24075
1,327,0.1955
1,328,0.2415
1,329,0.05925
1,330,0.0325
1,331,0.032
1,332,0.04125
1,333,0.063
1,334,0.46575
1,335,0.1345
1,336,0.06025
1,337,0.075
1,338,0.48225
1,339,0.06475
1,340,0.01025
1,341,0.132
1,342,0.046
1,343,0.14175
1,344,0.1055
1,345,0.30825
1,346,0.0345
1,347,0.008
1,348,0.3345
1,349,0.1145
1,350,0.119
1,351,0.2405
1,352,0.024
1,353,0.3445
1,354,0.1195
1,355,0.66625
1,356,0.35325
1,357,0.07975
1,358,0.1135
1,359,0.11625
1,360,0.056
1,361,0.09275
1,362,0.18125
1,363,0.03625
1,364,0.5465
1,365,0.52825
1,366,0.2095
1,367,0.52825
1,368,0.34275
1,369,0.0515
1,370,0.058
1,371,0.43575
1,372,0.23775
1,373,0.0185
1,374,0.8315
1,375,0.27775
1,376,0.211
1,377,0.59525
1,378,0.42625
1,379,0.09125
1,380,0.07225
1,381,0.09275
1,382,0.50075
1,383,0.047
1,384,0.04525
1,385,0.19275
1,386,0.051
1,387,0.62325
1,388,0.7095
1,389,0.30475
1,390,0.2025
1,391,0.39025
1,392,0.006
1,393,0.134
1,394,0.01925
1,395,0.158
1,396,0.219
1,397,0.18075
1,398,0.03475
1,399,0.053
1,400,0.01
1,401,0.2665
1,402,0.102
1,403,0.125
1,404,0.03025
1,405,0.05325
1,406,0.3505
1,407,0.0365
1,408,0.043
1,409,0.04225
1,410,0.127
1,411,0.04575
1,412,0.92875
1,413,0.08075
1,414,0.87625
1,415,0.799
1,416,0.038
1,417,0.62925
1,418,0.1435
1,419,0.1275
1,420,0.3825
1,421,0.0245
1,422,0.12275
1,423,0.0825
1,424,0.1845
1,425,0.0435
1,426,0.13325
1,427,0.15675
1,428,0.059
1,429,0.04375
1,430,0.129
1,431,0.03225
1,432,0.03225
1,433,0.061
1,434,0.037
1,435,0.0325
1,436,0.11525
1,437,0.107
1,438,0.0235
1,439,0.219
1,440,0.02625
1,441,0.03825
1,442,0.0285
1,443,0.17675
1,444,0.03475
1,445,0.86825
1,446,0.473
1,447,0.54475
1,448,0.22
1,449,0.34625
1,450,0.054
1,451,0.42075
1,452,0.58625
1,453,0.43275
1,454,0.50275
1,455,0.19625
1,456,0.0165
1,457,0.02725
1,458,0.15625
1,459,0.02575
1,460,0.03625
1,461,0.12325
1,462,0.07925
1,463,0.04025
1,464,0.8095
1,465,0.34925
1,466,0.074
1,467,0.181
1,468,0.69625
1,469,0.90725
1,470,0.11525
1,471,0.323
1,472,0.503
1,473,0.11875
1,474,0.20775
1,475,0.148
1,476,0.00975
1,477,0.04
1,478,0.09775
1,479,0.02575
1,480,0.00975
1,481,0.3075
1,482,0.03475
1,483,0.03675
1,484,0.0295
1,485,0.02025
1,486,0.0345
1,487,0.01125
1,488,0.00775
1,489,0.00275
1,490,0.523
1,491,0.02525
1,492,0.01475
1,493,0.2285
1,494,0.02025
1,495,0.07275
1,496,0.32275
1,497,0.81225
1,498,0.08125
1,499,0.01575
1,500,0.06025
1,501,0.0185
1,502,0.13275
1,503,0.06475
1,504,0.73475
1,505,0.33025
1,506,0.11125
1,507,0.03725
1,508,0.10925
1,509,0.1045
1,510,0.0575
1,511,0.0285
1,512,0.073
1,513,0.031
1,514,0.016
1,515,0.01175
1,516,0.0605
1,517,0.03125
1,518,0.0265
1,519,0.447
1,520,0.025
1,521,0.01925
1,522,0.0525
1,523,0.0465
1,524,0.1005
1,525,0.0375
1,526,0.151
1,527,0.2605
1,528,0.48825
1,529,0.58325
1,530,0.066
1,531,0.46575
1,532,0.28875
1,533,0.03625
1,534,0.04925
1,535,0.5715
1,536,0.93675
1,537,0.0425
1,538,0.02725
1,539,0.0175
1,540,0.11875
1,541,0.0085
1,542,0.02175
1,543,0.15125
1,544,0.10325
1,545,0.0575
1,546,0.06725
1,547,0.131
1,548,0.3485
1,549,0.269
1,550,0.19075
1,551,0.20475
1,552,0.05675
1,553,0.44475
1,554,0.687
1,555,0.13125
1,556,0.08725
1,557,0.1415
1,558,0.1405
1,559,0.00775
1,560,0.0135
1,561,0.0045
1,562,0.039
1,563,0.01625
1,564,0.141
1,565,0.19175
1,566,0.06025
1,567,0.071
1,568,0.29325
1,569,0.05425
1,570,0.01575
1,571,0.0175
1,572,0.0245
1,573,0.0055
1,574,0.02325
1,575,0.0145
1,576,0.013
1,577,0.0065
1,578,0.031
1,579,0.0355
1,580,0.05325
1,581,0.0845
1,582,0.0305
1,583,0.0615
1,584,0.10825
1,585,0.28
1,586,0.058
1,587,0.08075
1,588,0.98
1,589,0.98575
1,590,0.02025
1,591,0.01275
1,592,0.05975
1,593,0.00475
1,594,0.0415
1,595,0.02775
1,596,0.0415
1,597,0.034
1,598,0.03
1,599,0.019
1,600,0.29325
1,601,0.14625
1,602,0.46275
1,603,0.87475
1,604,0.137
1,605,0.045
1,606,0.16525
1,607,0.045
1,608,0.10825
1,609,0.21525
1,610,0.43075
1,611,0.077
1,612,0.041
1,613,0.35675
1,614,0.34675
1,615,0.09625
1,616,0.0815
1,617,0.01175
1,618,0.034
1,619,0.1735
1,620,0.24925
1,621,0.052
1,622,0.00825
1,623,0.2685
1,624,0.04775
1,625,0.10575
1,626,0.0475
1,627,0.149
1,628,0.01075
1,629,0.106
1,630,0.0535
1,631,0.1375
1,632,0.0265
1,633,0.0065
1,634,0.50575
1,635,0.0265
1,636,0.007
1,637,0.053
1,638,0.0205
1,639,0.05125
1,640,0.2435
1,641,0.274
1,642,0.1975
1,643,0.24125
1,644,0.02025
1,645,0.11275
1,646,0.7285
1,647,0.02975
1,648,0.03125
1,649,0.05275
1,650,0.04875
1,651,0.0385
1,652,0.028
1,653,0.055
1,654,0.02725
1,655,0.082
1,656,0.0285
1,657,0.00425
1,658,0.055
1,659,0.00675
1,660,0.2595
1,661,0.03025
1,662,0.07775
1,663,0.29225
1,664,0.5635
1,665,0.009
1,666,0.116
1,667,0.04825
1,668,0.361
1,669,0.30575
1,670,0.0205
1,671,0.07475
1,672,0.064
1,673,0.01
1,674,0.04
1,675,0.48675
1,676,0.20275
1,677,0.06375
1,678,0.00625
1,679,0.14625
1,680,0.01575
1,681,0.05075
1,682,0.15275
1,683,0.0785
1,684,0.0535
1,685,0.0165
1,686,0.0685
1,687,0.01675
1,688,0.17475
1,689,0.08
1,690,0.22625
1,691,0.3165
1,692,0.0445
1,693,0.02125
1,694,0.17525
1,695,0.02925
1,696,0.05425
1,697,0.068
1,698,0.0075
1,699,0.0135
1,700,0.027
1,701,0.1315
1,702,0.11125
1,703,0.04125
1,704,0.066
1,705,0.08125
1,706,0.0185
1,707,0.054
1,708,0.01425
1,709,0.096
1,710,0.1905
1,711,0.06025
1,712,0.04825
1,713,0.011
1,714,0.0325
1,715,0.089
1,716,0.26925
1,717,0.87225
1,718,0.0445
1,719,0.34275
1,720,0.03975
1,721,0.123
1,722,0.0235
1,723,0.01425
1,724,0.05875
1,725,0.05
1,726,0.22325
1,727,0.10375
1,728,0.02225
1,729,0.03325
1,730,0.069
1,731,0.1115
1,732,0.02525
1,733,0.1475
1,734,0.07975
1,735,0.10125
1,736,0.01325
1,737,0.08225
1,738,0.0115
1,739,0.10925
1,740,0.01175
1,741,0.0605
1,742,0.88575
1,743,0.7655
1,744,0.041
1,745,0.608
1,746,0.10925
1,747,0.327
1,748,0.7795
1,749,0.17
1,750,0.64325
1,751,0.21525
1,752,0.5505
1,753,0.1225
1,754,0.179
1,755,0.339
1,756,0.49725
1,757,0.13625
1,758,0.275
1,759,0.2895
1,760,0.63725
1,761,0.7705
1,762,0.037
1,763,0.15425
1,764,0.00675
1,765,0.13675
1,766,0.1345
1,767,0.264
1,768,0.22625
1,769,0.033
1,770,0.037
1,771,0.2635
1,772,0.08625
1,773,0.26925
1,774,0.1765
1,775,0.0265
1,776,0.48425
1,777,0.4825
1,778,0.113
1,779,0.12975
1,780,0.253
1,781,0.01875
1,782,0.0905
1,783,0.17375
1,784,0.013
1,785,0.9645
1,786,0.99575
1,787,0.4445
1,788,0.13225
1,789,0.2725
1,790,0.0355
1,791,0.281
1,792,0.0615
1,793,0.062
1,794,0.09975
1,795,0.02525
1,796,0.0925
1,797,0.29925
1,798,0.06825
1,799,0.05075
1,800,0.06175
1,801,0.176
1,802,0.03175
1,803,0.07075
1,804,0.05175
1,805,0.0235
1,806,0.30075
1,807,0.2335
1,808,0.019
1,809,0.24325
1,810,0.025
1,811,0.0225
1,812,0.0345
1,813,0.10175
1,814,0.097
1,815,0.0185
1,816,0.20375
1,817,0.02
1,818,0.0735
1,819,0.04825
1,820,0.03325
1,821,0.05775
1,822,0.063
1,823,0.1475
1,824,0.1065
1,825,0.143
1,826,0.00775
1,827,0.17625
1,828,0.1645
1,829,0.3055
1,830,0.59925
1,831,0.119
1,832,0.152
1,833,0.24575
1,834,0.176
1,835,0.053
1,836,0.1225
1,837,0.1775
1,838,0.01925
1,839,0.11275
1,840,0.43125
1,841,0.106
1,842,0.03475
1,843,0.16675
1,844,0.5625
1,845,0.3435
1,846,0.23
1,847,0.031
1,848,0.017
1,849,0.022
1,850,0.2425
1,851,0.141
1,852,0.02925
1,853,0.02975
1,854,0.11075
1,855,0.0315
1,856,0.031
1,857,0.02675
1,858,0.0425
1,859,0.01725
1,860,0.1325
1,861,0.063
1,862,0.02125
1,863,0.156
1,864,0.21225
1,865,0.107
1,866,0.0085
1,867,0.6055
1,868,0.013
1,869,0.05275
1,870,0.25425
1,871,0.1325
1,872,0.29625
1,873,0.00975
1,874,0.093
1,875,0.1485
1,876,0.12925
1,877,0.04975
1,878,0.108
1,879,0.03275
1,880,0.21275
1,881,0.48825
1,882,0.30425
1,883,0.27675
1,884,0.01575
1,885,0.13975
1,886,0.28325
1,887,0.129
1,888,0.137
1,889,0.303
1,890,0.28425
1,891,0.15075
1,892,0.03525
1,893,0.0945
1,894,0.05025
1,895,0.23075
1,896,0.03325
1,897,0.5485
1,898,0.20175
1,899,0.3655
1,900,0.48725
1,901,0.156
1,902,0.1625
1,903,0.058
1,904,0.27325
1,905,0.025
1,906,0.01475
1,907,0.0355
1,908,0.02975
1,909,0.03925
1,910,0.16725
1,911,0.20375
1,912,0.012
1,913,0.15075
1,914,0.0725
1,915,0.09225
1,916,0.02525
1,917,0.14025
1,918,0.05725
1,919,0.1115
1,920,0.18375
1,921,0.50475
1,922,0.08725
1,923,0.0325
1,924,0.01825
1,925,0.0295
1,926,0.1695
1,927,0.0145
1,928,0.0495
1,929,0.06125
1,930,0.03125
1,931,0.267
1,932,0.2385
1,933,0.109
1,934,0.009
1,935,0.0095
1,936,0.405
1,937,0.1775
1,938,0.0065
1,939,0.021
1,940,0.034
1,941,0.089
1,942,0.407
1,943,0.12975
1,944,0.0695
1,945,0.09975
1,946,0.01625
1,947,0.0195
1,948,0.05925
1,949,0.0255
1,950,0.3185
1,951,0.42875
1,952,0.062
1,953,0.10525
1,954,0.19875
1,955,0.0875
1,956,0.101
1,957,0.02075
1,958,0.026
1,959,0.0275
1,960,0.1705
1,961,0.342
1,962,0.01175
1,963,0.071
1,964,0.01175
1,965,0.032
1,966,0.045
1,967,0.446
1,968,0.0795
1,969,0.3505
1,970,0.17025
1,971,0.91625
1,972,0.76
1,973,0.21825
1,974,0.06575
1,975,0.00625
1,976,0.00325
1,977,0.228
1,978,0.02725
1,979,0.05575
1,980,0.046
1,981,0.10225
1,982,0.321
1,983,0.03075
1,984,0.09925
1,985,0.03525
1,986,0.115
1,987,0.229
1,988,0.12425
1,989,0.1805
1,990,0.4065
1,991,0.09575
1,992,0.50125
1,993,0.015
1,994,0.0385
1,995,0.10775
1,996,0.05075
1,997,0.19575
1,998,0.2085
1,999,0.4615
1,1000,0.29525
1,1001,0.082
1,1002,0.00275
1,1003,0.661
1,1004,0.111
1,1005,0.067
1,1006,0.02625
1,1007,0.47725
1,1008,0.53875
1,1009,0.00475
1,1010,0.18375
1,1011,0.17725
1,1012,0.68125
1,1013,0.2135
1,1014,0.138
1,1015,0.06
1,1016,0.0275
1,1017,0.109
1,1018,0.0365
1,1019,0.02425
1,1020,0.3235
1,1021,0.0315
1,1022,0.02725
1,1023,0.0705
1,1024,0.247
1,1025,0.287
1,1026,0.2115
1,1027,0.04975
1,1028,0.19175
1,1029,0.09575
1,1030,0.0195
1,1031,0.0315
1,1032,0.05975
1,1033,0.14525
1,1034,0.23575
1,1035,0.63975
1,1036,0.99925
1,1037,0.17875
1,1038,0.018
1,1039,0.03025
1,1040,0.388
1,1041,0.02075
1,1042,0.07125
1,1043,0.0975
1,1044,0.173
1,1045,0.08575
1,1046,0.2945
1,1047,0.0905
1,1048,0.02175
1,1049,0.15075
1,1050,0.11525
1,1051,0.40625
1,1052,0.0305
1,1053,0.286
1,1054,0.291
1,1055,0.053
1,1056,0.109
1,1057,0.241
1,1058,0.016
1,1059,0.07275
1,1060,0.0085
1,1061,0.0375
1,1062,0.89625
1,1063,0.0335
1,1064,0.41625
1,1065,0.22425
1,1066,0.163
1,1067,0.01075
1,1068,0.019
1,1069,0.00275
1,1070,0.30325
1,1071,0.53625
1,1072,0.72425
1,1073,0.23625
1,1074,0.154
1,1075,0.0145
1,1076,0.0705
1,1077,0.01525
1,1078,0.038
1,1079,0.0115
1,1080,0.00525
1,1081,0.02375
1,1082,0.06125
1,1083,0.06325
1,1084,0.23375
1,1085,0.173
1,1086,0.02925
1,1087,0.0265
1,1088,0.0215
1,1089,0.1515
1,1090,0.56375
1,1091,0.315
1,1092,0.67325
1,1093,0.4365
1,1094,0.0155
1,1095,0.0705
1,1096,0.0655
1,1097,0.05225
1,1098,0.12775
1,1099,0.004
1,1100,0.0975
1,1101,0.26375
1,1102,0.02175
1,1103,0.0225
1,1104,0.427
1,1105,0.07175
1,1106,0.014
1,1107,0.0355
1,1108,0.587
1,1109,0.08775
1,1110,0.03775
1,1111,0.0715
1,1112,0.03325
1,1113,0.1055
1,1114,0.694
1,1115,0.108
1,1116,0.08925
1,1117,0.055
1,1118,0.077
1,1119,0.0405
1,1120,0.01425
1,1121,0.0305
1,1122,0.035
1,1123,0.14125
1,1124,0.05775
1,1125,0.039
1,1126,0.02975
1,1127,0.08475
1,1128,0.022
2,1,0.04125
2,2,0.0405
2,3,0.06275
2,4,0.08275
2,5,0.091
2,6,0.06125
2,7,0.06925
2,8,0.096
2,9,0.0765
2,10,0.0525
2,11,0.088
2,12,0.10275
2,13,0.14525
2,14,0.007
2,15,0.0045
2,16,0.0275
2,17,0.01075
2,18,0.15925
2,19,0.64025
2,20,0.36725
2,21,0.5145
2,22,0.4845
2,23,0.19725
2,24,0.24875
2,25,0.08325
2,26,0.157
2,27,0.1455
2,28,0.05825
2,29,0.976
2,30,0.12675
2,31,0.0105
2,32,0.0735
2,33,0.07075
2,34,0.069
2,35,0.10975
2,36,0.29775
2,37,0.062
2,38,0.02
2,39,0.0275
2,40,0.01725
2,41,0.01625
2,42,0.02
2,43,0.07225
2,44,0.08
2,45,0.08725
2,46,0.1775
2,47,0.00625
2,48,0.3375
2,49,0.31025
2,50,0.0635
2,51,0.29275
2,52,0.24375
2,53,0.23175
2,54,0.0355
2,55,0.0755
2,56,0.0125
2,57,0.018
2,58,0.0515
2,59,0.107
2,60,0.0175
2,61,0.35525
2,62,0.86725
2,63,0.05925
2,64,0.146
2,65,0.03225
2,66,0.0345
2,67,0.04125
2,68,0.029
2,69,0.009
2,70,0.1795
2,71,0.065
2,72,0.02875
2,73,0.04775
2,74,0.01925
2,75,0.1495
2,76,0.0215
2,77,0.03225
2,78,0.059
2,79,0.07375
2,80,0.01675
2,81,0.052
2,82,0.06825
2,83,0.03175
2,84,0.06325
2,85,0.06925
2,86,0.1915
2,87,0.062
2,88,0.01175
2,89,0.025
2,90,0.198
2,91,0.0295
2,92,0.04625
2,93,0.10525
2,94,0.12425
2,95,0.0615
2,96,0.07625
2,97,0.1275
2,98,0.59825
2,99,0.12125
2,100,0.2205
2,101,0.14225
2,102,0.01925
2,103,0.00875
2,104,0.00525
2,105,0.03775
2,106,0.00625
2,107,0.8175
2,108,0.11
2,109,0.16375
2,110,0.047
2,111,0.0545
2,112,0.5375
2,113,0.64675
2,114,0.03525
2,115,0.131
2,116,0.0465
2,117,0.01
2,118,0.041
2,119,0.00225
2,120,0.045
2,121,0.21025
2,122,0.125
2,123,0.0195
2,124,0.0175
2,125,0.0275
2,126,0.07725
2,127,0.02225
2,128,0.23575
2,129,0.2115
2,130,0.0175
2,131,0.01075
2,132,0.77525
2,133,0.0475
2,134,0.05075
2,135,0.03575
2,136,0.029
2,137,0.03
2,138,0.13275
2,139,0.03975
2,140,0.0215
2,141,0.08925
2,142,0.0105
2,143,0.0655
2,144,0.098
2,145,0.04675
2,146,0.04325
2,147,0.21875
2,148,0.03825
2,149,0.08275
2,150,0.01875
2,151,0.0525
2,152,0.15475
2,153,0.15575
2,154,0.315
2,155,0.09025
2,156,0.046
2,157,0.0505
2,158,0.02975
2,159,0.0235
2,160,0.06275
2,161,0.0195
2,162,0.14425
2,163,0.01825
2,164,0.12675
2,165,0.023
2,166,0.01375
2,167,0.10175
2,168,0.03825
2,169,0.231
2,170,0.07
2,171,0.09475
2,172,0.627
2,173,0.0445
2,174,0.04375
2,175,0.128
2,176,0.13025
2,177,0.129
2,178,0.0455
2,179,0.05925
2,180,0.01775
2,181,0.01825
2,182,0.0415
2,183,0.0655
2,184,0.01875
2,185,0.05225
2,186,0.28175
2,187,0.01125
2,188,0.53575
2,189,0.0265
2,190,0.027
2,191,0.07875
2,192,0.14425
2,193,0.54
2,194,0.0435
2,195,0.6395
2,196,0.181
2,197,0.02175
2,198,0.17
2,199,0.117
2,200,0.0175
2,201,0.04325
2,202,0.0155
2,203,0.8685
2,204,0.959
2,205,0.0125
2,206,0.138
2,207,0.01125
2,208,0.019
2,209,0.008
2,210,0.011
2,211,0.024
2,212,0.1495
2,213,0.02925
2,214,0.0125
2,215,0.1455
2,216,0.1735
2,217,0.012
2,218,0.05675
2,219,0.00325
2,220,0.37975
2,221,0.07575
2,222,0.1225
2,223,0.048
2,224,0.0185
2,225,0.00525
2,226,0.04675
2,227,0.03125
2,228,0.0185
2,229,0.053
2,230,0.55575
2,231,0.1975
2,232,0.079
2,233,0.04475
2,234,0.1055
2,235,0.1275
2,236,0.07925
2,237,0.007
2,238,0.08825
2,239,0.08175
2,240,0.14075
2,241,0.01725
2,242,0.092
2,243,0.0875
2,244,0.51975
2,245,0.6965
2,246,0.13025
2,247,0.02275
2,248,0.03775
2,249,0.02525
2,250,0.02175
2,251,0.12575
2,252,0.07825
2,253,0.034
2,254,0.01275
2,255,0.2755
2,256,0.1525
2,257,0.0325
2,258,0.245
2,259,0.103
2,260,0.2805
2,261,0.02325
2,262,0.04575
2,263,0.017
2,264,0.07825
2,265,0.0965
2,266,0.54575
2,267,0.12775
2,268,0.05075
2,269,0.07275
2,270,0.23425
2,271,0.05525
2,272,0.19225
2,273,0.016
2,274,0.10225
2,275,0.12
2,276,0.19325
2,277,0.24375
2,278,0.2905
2,279,0.256
2,280,0.04825
2,281,0.02925
2,282,0.03425
2,283,0.0075
2,284,0.01025
2,285,0.074
2,286,0.07275
2,287,0.15675
2,288,0.09625
2,289,0.0335
2,290,0.0195
2,291,0.01225
2,292,0.2655
2,293,0.03025
2,294,0.1165
2,295,0.01325
2,296,0.0165
2,297,0.0815
2,298,0.05775
2,299,0.64175
2,300,0.04425
2,301,0.05425
2,302,0.405
2,303,0.015
2,304,0.5405
2,305,0.07025
2,306,0.0375
2,307,0.02425
2,308,0.2115
2,309,0.08075
2,310,0.017
2,311,0.108
2,312,0.0895
2,313,0.2565
2,314,0.2745
2,315,0.02675
2,316,0.02525
2,317,0.011
2,318,0.0435
2,319,0.06725
2,320,0.02425
2,321,0.048
2,322,0.2315
2,323,0.211
2,324,0.1905
2,325,0.1605
2,326,0.1065
2,327,0.04925
2,328,0.13525
2,329,0.05825
2,330,0.02975
2,331,0.0165
2,332,0.02375
2,333,0.04025
2,334,0.60575
2,335,0.164
2,336,0.0705
2,337,0.06525
2,338,0.23225
2,339,0.07025
2,340,0.00775
2,341,0.0875
2,342,0.01975
2,343,0.1105
2,344,0.112
2,345,0.6075
2,346,0.07125
2,347,0.01525
2,348,0.133
2,349,0.1105
2,350,0.1555
2,351,0.1385
2,352,0.0085
2,353,0.11175
2,354,0.05325
2,355,0.6805
2,356,0.214
2,357,0.076
2,358,0.0955
2,359,0.06375
2,360,0.08475
2,361,0.04975
2,362,0.11575
2,363,0.02825
2,364,0.2785
2,365,0.19275
2,366,0.137
2,367,0.50725
2,368,0.169
2,369,0.03625
2,370,0.07275
2,371,0.23025
2,372,0.11075
2,373,0.01575
2,374,0.8495
2,375,0.07075
2,376,0.14875
2,377,0.95175
2,378,0.879
2,379,0.093
2,380,0.0235
2,381,0.07425
2,382,0.3935
2,383,0.04375
2,384,0.02525
2,385,0.0555
2,386,0.074
2,387,0.3265
2,388,0.3985
2,389,0.3735
2,390,0.143
2,391,0.04625
2,392,0.009
2,393,0.087
2,394,0.03125
2,395,0.02425
2,396,0.29825
2,397,0.03725
2,398,0.02
2,399,0.00925
2,400,0.04575
2,401,0.0985
2,402,0.04675
2,403,0.0725
2,404,0.0445
2,405,0.0495
2,406,0.24175
2,407,0.0205
2,408,0.01975
2,409,0.035
2,410,0.04575
2,411,0.041
2,412,0.23025
2,413,0.05225
2,414,0.72675
2,415,0.87075
2,416,0.016
2,417,0.269
2,418,0.0595
2,419,0.16975
2,420,0.21625
2,421,0.03225
2,422,0.0655
2,423,0.06175
2,424,0.16
2,425,0.03725
2,426,0.08325
2,427,0.14475
2,428,0.0685
2,429,0.06625
2,430,0.02525
2,431,0.0185
2,432,0.03975
2,433,0.033
2,434,0.0165
2,435,0.1235
2,436,0.2295
2,437,0.1045
2,438,0.02475
2,439,0.31825
2,440,0.01625
2,441,0.07925
2,442,0.03475
2,443,0.06625
2,444,0.08425
2,445,0.73975
2,446,0.23575
2,447,0.561
2,448,0.092
2,449,0.061
2,450,0.06275
2,451,0.036
2,452,0.22425
2,453,0.08225
2,454,0.45075
2,455,0.14575
2,456,0.01275
2,457,0.033
2,458,0.09925
2,459,0.0735
2,460,0.04975
2,461,0.121
2,462,0.06
2,463,0.01925
2,464,0.64025
2,465,0.224
2,466,0.05775
2,467,0.03675
2,468,0.42475
2,469,0.5035
2,470,0.03625
2,471,0.04975
2,472,0.2655
2,473,0.05975
2,474,0.174
2,475,0.0725
2,476,0.01125
2,477,0.02025
2,478,0.10525
2,479,0.0855
2,480,0.01325
2,481,0.19975
2,482,0.0145
2,483,0.0315
2,484,0.13375
2,485,0.039
2,486,0.031
2,487,0.01375
2,488,0.013
2,489,0.00275
2,490,0.50325
2,491,0.0405
2,492,0.047
2,493,0.13875
2,494,0.026
2,495,0.0605
2,496,0.04825
2,497,0.33525
2,498,0.03775
2,499,0.01075
2,500,0.01975
2,501,0.01975
2,502,0.4325
2,503,0.09775
2,504,0.1355
2,505,0.06975
2,506,0.01675
2,507,0.0605
2,508,0.0505
2,509,0.0355
2,510,0.02575
2,511,0.01875
2,512,0.06175
2,513,0.09775
2,514,0.0235
2,515,0.00825
2,516,0.05925
2,517,0.01925
2,518,0.018
2,519,0.1225
2,520,0.02675
2,521,0.07025
2,522,0.07625
2,523,0.018
2,524,0.1275
2,525,0.04475
2,526,0.10475
2,527,0.097
2,528,0.11025
2,529,0.254
2,530,0.21775
2,531,0.20375
2,532,0.15675
2,533,0.042
2,534,0.036
2,535,0.39
2,536,0.2175
2,537,0.0455
2,538,0.299
2,539,0.0135
2,540,0.09525
2,541,0.006
2,542,0.0545
2,543,0.10525
2,544,0.02625
2,545,0.0375
2,546,0.0295
2,547,0.12025
2,548,0.24975
2,549,0.115
2,550,0.092
2,551,0.0595
2,552,0.058
2,553,0.33225
2,554,0.392
2,555,0.29075
2,556,0.08725
2,557,0.0495
2,558,0.1115
2,559,0.0065
2,560,0.01275
2,561,0.0055
2,562,0.02425
2,563,0.01375
2,564,0.09975
2,565,0.0335
2,566,0.023
2,567,0.06475
2,568,0.299
2,569,0.022
2,570,0.021
2,571,0.0065
2,572,0.0115
2,573,0.00575
2,574,0.02075
2,575,0.012
2,576,0.0095
2,577,0.00925
2,578,0.00925
2,579,0.03225
2,580,0.03625
2,581,0.0495
2,582,0.02575
2,583,0.03375
2,584,0.9185
2,585,0.23875
2,586,0.04825
2,587,0.059
2,588,0.95
2,589,0.5635
2,590,0.02375
2,591,0.006
2,592,0.0445
2,593,0.004
2,594,0.086
2,595,0.04625
2,596,0.04
2,597,0.04275
2,598,0.04025
2,599,0.016
2,600,0.18375
2,601,0.28025
2,602,0.433
2,603,0.42275
2,604,0.8145
2,605,0.04375
2,606,0.085
2,607,0.043
2,608,0.08325
2,609,0.24875
2,610,0.11225
2,611,0.04175
2,612,0.041
2,613,0.1565
2,614,0.161
2,615,0.0455
2,616,0.04875
2,617,0.01525
2,618,0.0135
2,619,0.19875
2,620,0.27825
2,621,0.05925
2,622,0.01025
2,623,0.69025
2,624,0.0385
2,625,0.104
2,626,0.029
2,627,0.112
2,628,0.0105
2,629,0.08025
2,630,0.05775
2,631,0.0345
2,632,0.02775
2,633,0.0045
2,634,0.0605
2,635,0.027
2,636,0.00675
2,637,0.06425
2,638,0.0845
2,639,0.0425
2,640,0.176
2,641,0.0535
2,642,0.20175
2,643,0.103
2,644,0.0155
2,645,0.09375
2,646,0.705
2,647,0.02025
2,648,0.0175
2,649,0.0325
2,650,0.04775
2,651,0.02225
2,652,0.03875
2,653,0.02525
2,654,0.01325
2,655,0.03
2,656,0.036
2,657,0.00525
2,658,0.0275
2,659,0.00975
2,660,0.152
2,661,0.018
2,662,0.62875
2,663,0.38375
2,664,0.2935
2,665,0.00925
2,666,0.03575
2,667,0.037
2,668,0.1025
2,669,0.09
2,670,0.01575
2,671,0.03675
2,672,0.12325
2,673,0.017
2,674,0.01375
2,675,0.10225
2,676,0.04875
2,677,0.0295
2,678,0.0035
2,679,0.17025
2,680,0.105
2,681,0.092
2,682,0.11625
2,683,0.063
2,684,0.02275
2,685,0.01775
2,686,0.03625
2,687,0.0205
2,688,0.114
2,689,0.08325
2,690,0.45
2,691,0.13875
2,692,0.0465
2,693,0.01
2,694,0.425
2,695,0.024
2,696,0.0255
2,697,0.026
2,698,0.01525
2,699,0.00425
2,700,0.0135
2,701,0.0605
2,702,0.0925
2,703,0.06875
2,704,0.06
2,705,0.0845
2,706,0.01525
2,707,0.10125
2,708,0.01025
2,709,0.06225
2,710,0.10175
2,711,0.02175
2,712,0.023
2,713,0.01225
2,714,0.0245
2,715,0.0655
2,716,0.232
2,717,0.61525
2,718,0.038
2,719,0.3545
2,720,0.06725
2,721,0.02575
2,722,0.0255
2,723,0.028
2,724,0.03
2,725,0.0285
2,726,0.178
2,727,0.12325
2,728,0.0255
2,729,0.07875
2,730,0.069
2,731,0.1735
2,732,0.03
2,733,0.17175
2,734,0.07325
2,735,0.0705
2,736,0.00675
2,737,0.051
2,738,0.023
2,739,0.14025
2,740,0.0095
2,741,0.03075
2,742,0.73225
2,743,0.39925
2,744,0.28975
2,745,0.261
2,746,0.04225
2,747,0.112
2,748,0.051
2,749,0.043
2,750,0.20825
2,751,0.06275
2,752,0.38725
2,753,0.07275
2,754,0.033
2,755,0.08375
2,756,0.031
2,757,0.04425
2,758,0.07625
2,759,0.28475
2,760,0.04175
2,761,0.34075
2,762,0.02425
2,763,0.1595
2,764,0.0045
2,765,0.44325
2,766,0.113
2,767,0.15875
2,768,0.16275
2,769,0.03225
2,770,0.03575
2,771,0.1815
2,772,0.0295
2,773,0.054
2,774,0.1565
2,775,0.277
2,776,0.354
2,777,0.542
2,778,0.069
2,779,0.056
2,780,0.07675
2,781,0.027
2,782,0.04625
2,783,0.05725
2,784,0.027
2,785,0.011
2,786,0.024
2,787,0.284
2,788,0.16325
2,789,0.0605
2,790,0.03925
2,791,0.098
2,792,0.0745
2,793,0.1985
2,794,0.03825
2,795,0.03
2,796,0.073
2,797,0.24125
2,798,0.04575
2,799,0.04025
2,800,0.04825
2,801,0.174
2,802,0.04625
2,803,0.04425
2,804,0.03325
2,805,0.017
2,806,0.15525
2,807,0.496
2,808,0.02575
2,809,0.115
2,810,0.016
2,811,0.03775
2,812,0.028
2,813,0.08725
2,814,0.08475
2,815,0.01425
2,816,0.096
2,817,0.02425
2,818,0.04675
2,819,0.035
2,820,0.01475
2,821,0.05975
2,822,0.0645
2,823,0.1885
2,824,0.09825
2,825,0.26275
2,826,0.005
2,827,0.07675
2,828,0.14725
2,829,0.196
2,830,0.093
2,831,0.03625
2,832,0.10775
2,833,0.0475
2,834,0.0745
2,835,0.02875
2,836,0.09925
2,837,0.08825
2,838,0.013
2,839,0.11075
2,840,0.0715
2,841,0.0815
2,842,0.09
2,843,0.04125
2,844,0.28325
2,845,0.1355
2,846,0.12125
2,847,0.0275
2,848,0.0285
2,849,0.089
2,850,0.16575
2,851,0.09675
2,852,0.06925
2,853,0.0135
2,854,0.07475
2,855,0.04575
2,856,0.07075
2,857,0.01825
2,858,0.08425
2,859,0.009
2,860,0.08925
2,861,0.059
2,862,0.01175
2,863,0.1525
2,864,0.11725
2,865,0.067
2,866,0.01025
2,867,0.6435
2,868,0.0205
2,869,0.0625
2,870,0.35625
2,871,0.04975
2,872,0.0825
2,873,0.00925
2,874,0.1025
2,875,0.0365
2,876,0.015
2,877,0.03925
2,878,0.07725
2,879,0.03625
2,880,0.108
2,881,0.5795
2,882,0.689
2,883,0.129
2,884,0.01575
2,885,0.27325
2,886,0.272
2,887,0.21575
2,888,0.18375
2,889,0.31675
2,890,0.3595
2,891,0.05175
2,892,0.02825
2,893,0.0975
2,894,0.036
2,895,0.19425
2,896,0.0735
2,897,0.29575
2,898,0.10525
2,899,0.12125
2,900,0.3135
2,901,0.07875
2,902,0.06675
2,903,0.0375
2,904,0.1755
2,905,0.0175
2,906,0.01575
2,907,0.04375
2,908,0.0395
2,909,0.01925
2,910,0.11525
2,911,0.10975
2,912,0.01175
2,913,0.28625
2,914,0.0205
2,915,0.057
2,916,0.01175
2,917,0.0115
2,918,0.024
2,919,0.17725
2,920,0.4375
2,921,0.20375
2,922,0.1965
2,923,0.0435
2,924,0.01075
2,925,0.011
2,926,0.25575
2,927,0.01975
2,928,0.02275
2,929,0.0425
2,930,0.01175
2,931,0.2425
2,932,0.096
2,933,0.251
2,934,0.0235
2,935,0.0135
2,936,0.17475
2,937,0.1415
2,938,0.004
2,939,0.01
2,940,0.01675
2,941,0.06575
2,942,0.07125
2,943,0.1215
2,944,0.06625
2,945,0.062
2,946,0.00825
2,947,0.023
2,948,0.02825
2,949,0.02775
2,950,0.127
2,951,0.932
2,952,0.15175
2,953,0.6375
2,954,0.14375
2,955,0.06625
2,956,0.0915
2,957,0.02175
2,958,0.033
2,959,0.13075
2,960,0.09125
2,961,0.141
2,962,0.033
2,963,0.08025
2,964,0.0135
2,965,0.02225
2,966,0.17925
2,967,0.185
2,968,0.076
2,969,0.108
2,970,0.0555
2,971,0.581
2,972,0.3555
2,973,0.0755
2,974,0.0635
2,975,0.00825
2,976,0.0035
2,977,0.0535
2,978,0.05925
2,979,0.04925
2,980,0.052
2,981,0.04675
2,982,0.15875
2,983,0.05175
2,984,0.04125
2,985,0.02425
2,986,0.0495
2,987,0.14375
2,988,0.06525
2,989,0.10175
2,990,0.26925
2,991,0.54825
2,992,0.264
2,993,0.01325
2,994,0.04575
2,995,0.122
2,996,0.068
2,997,0.121
2,998,0.2895
2,999,0.4075
2,1000,0.1575
2,1001,0.32425
2,1002,0.00225
2,1003,0.10925
2,1004,0.12075
2,1005,0.05875
2,1006,0.03775
2,1007,0.14425
2,1008,0.1485
2,1009,0.00325
2,1010,0.2135
2,1011,0.08225
2,1012,0.46175
2,1013,0.215
2,1014,0.2475
2,1015,0.07975
2,1016,0.0375
2,1017,0.1745
2,1018,0.13175
2,1019,0.0385
2,1020,0.129
2,1021,0.0255
2,1022,0.03425
2,1023,0.03775
2,1024,0.1465
2,1025,0.1585
2,1026,0.448
2,1027,0.0365
2,1028,0.45875
2,1029,0.0565
2,1030,0.0205
2,1031,0.0535
2,1032,0.0585
2,1033,0.09925
2,1034,0.09325
2,1035,0.17475
2,1036,0.17125
2,1037,0.1135
2,1038,0.02
2,1039,0.0145
2,1040,0.47075
2,1041,0.0205
2,1042,0.0465
2,1043,0.15875
2,1044,0.21175
2,1045,0.05775
2,1046,0.075
2,1047,0.072
2,1048,0.0165
2,1049,0.074
2,1050,0.15675
2,1051,0.171
2,1052,0.02325
2,1053,0.217
2,1054,0.28125
2,1055,0.012
2,1056,0.04525
2,1057,0.23275
2,1058,0.037
2,1059,0.02075
2,1060,0.008
2,1061,0.03325
2,1062,0.198
2,1063,0.0305
2,1064,0.228
2,1065,0.0985
2,1066,0.15075
2,1067,0.03
2,1068,0.038
2,1069,0.008
2,1070,0.30575
2,1071,0.25475
2,1072,0.25125
2,1073,0.32125
2,1074,0.75375
2,1075,0.169
2,1076,0.4855
2,1077,0.46225
2,1078,0.01475
2,1079,0.00975
2,1080,0.0025
2,1081,0.02725
2,1082,0.04175
2,1083,0.0415
2,1084,0.18475
2,1085,0.113
2,1086,0.02925
2,1087,0.06625
2,1088,0.056
2,1089,0.07325
2,1090,0.3815
2,1091,0.225
2,1092,0.217
2,1093,0.31525
2,1094,0.02225
2,1095,0.05375
2,1096,0.03775
2,1097,0.03075
2,1098,0.058
2,1099,0.00475
2,1100,0.0375
2,1101,0.178
2,1102,0.016
2,1103,0.02075
2,1104,0.3865
2,1105,0.0965
2,1106,0.02425
2,1107,0.013
2,1108,0.2925
2,1109,0.09375
2,1110,0.04975
2,1111,0.02225
2,1112,0.243
2,1113,0.38525
2,1114,0.18725
2,1115,0.217
2,1116,0.13525
2,1117,0.018
2,1118,0.08725
2,1119,0.0525
2,1120,0.01575
2,1121,0.0125
2,1122,0.02
2,1123,0.12225
2,1124,0.03275
2,1125,0.021
2,1126,0.011
2,1127,0.10525
2,1128,0.01975
3,1,0.04675
3,2,0.0555
3,3,0.02925
3,4,0.087
3,5,0.0475
3,6,0.04775
3,7,0.046
3,8,0.14275
3,9,0.0285
3,10,0.03875
3,11,0.0245
3,12,0.06475
3,13,0.081
3,14,0.0055
3,15,0.005
3,16,0.03475
3,17,0.00675
3,18,0.11375
3,19,0.16025
3,20,0.14075
3,21,0.252
3,22,0.19375
3,23,0.10425
3,24,0.01675
3,25,0.04875
3,26,0.0645
3,27,0.13175
3,28,0.08625
3,29,0.3215
3,30,0.0955
3,31,0.012
3,32,0.03575
3,33,0.05975
3,34,0.06625
3,35,0.053
3,36,0.28575
3,37,0.05275
3,38,0.029
3,39,0.0365
3,40,0.0175
3,41,0.02
3,42,0.01325
3,43,0.02275
3,44,0.0235
3,45,0.03525
3,46,0.10775
3,47,0.00575
3,48,0.0205
3,49,0.19125
3,50,0.0855
3,51,0.19625
3,52,0.10925
3,53,0.0635
3,54,0.036
3,55,0.06625
3,56,0.04875
3,57,0.01125
3,58,0.08675
3,59,0.09125
3,60,0.015
3,61,0.07675
3,62,0.1025
3,63,0.0095
3,64,0.0375
3,65,0.02225
3,66,0.01775
3,67,0.03775
3,68,0.01775
3,69,0.01025
3,70,0.0635
3,71,0.01225
3,72,0.02775
3,73,0.034
3,74,0.0085
3,75,0.09525
3,76,0.02925
3,77,0.018
3,78,0.03375
3,79,0.04275
3,80,0.02075
3,81,0.064
3,82,0.07775
3,83,0.0385
3,84,0.03525
3,85,0.06725
3,86,0.1125
3,87,0.08875
3,88,0.019
3,89,0.0215
3,90,0.0375
3,91,0.0215
3,92,0.0245
3,93,0.05025
3,94,0.0845
3,95,0.0465
3,96,0.11075
3,97,0.10825
3,98,0.08875
3,99,0.183
3,100,0.24075
3,101,0.0545
3,102,0.019
3,103,0.11075
3,104,0.00375
3,105,0.054
3,106,0.007
3,107,0.117
3,108,0.03225
3,109,0.054
3,110,0.0525
3,111,0.038
3,112,0.02725
3,113,0.15825
3,114,0.01575
3,115,0.1135
3,116,0.01975
3,117,0.0055
3,118,0.042
3,119,0.0085
3,120,0.07275
3,121,0.22175
3,122,0.11475
3,123,0.01625
3,124,0.1995
3,125,0.02425
3,126,0.01975
3,127,0.043
3,128,0.3385
3,129,0.14125
3,130,0.0155
3,131,0.0235
3,132,0.21175
3,133,0.046
3,134,0.02825
3,135,0.0405
3,136,0.01925
3,137,0.02425
3,138,0.16075
3,139,0.04475
3,140,0.02475
3,141,0.0875
3,142,0.0135
3,143,0.085
3,144,0.113
3,145,0.0425
3,146,0.05925
3,147,0.02
3,148,0.057
3,149,0.08325
3,150,0.02175
3,151,0.04125
3,152,0.05275
3,153,0.0425
3,154,0.1585
3,155,0.18125
3,156,0.112
3,157,0.06775
3,158,0.02175
3,159,0.02675
3,160,0.05825
3,161,0.0085
3,162,0.10225
3,163,0.00925
3,164,0.0695
3,165,0.02475
3,166,0.012
3,167,0.10175
3,168,0.03725
3,169,0.26575
3,170,0.1535
3,171,0.09025
3,172,0.08125
3,173,0.0425
3,174,0.008
3,175,0.22
3,176,0.0805
3,177,0.06
3,178,0.0215
3,179,0.10325
3,180,0.022
3,181,0.06075
3,182,0.112
3,183,0.09025
3,184,0.01275
3,185,0.048
3,186,0.03625
3,187,0.0105
3,188,0.48275
3,189,0.03425
3,190,0.05225
3,191,0.07625
3,192,0.1395
3,193,0.0185
3,194,0.05225
3,195,0.4835
3,196,0.0645
3,197,0.03775
3,198,0.0615
3,199,0.01225
3,200,0.02475
3,201,0.15025
3,202,0.00975
3,203,0.19575
3,204,0.16625
3,205,0.011
3,206,0.02825
3,207,0.01
3,208,0.0185
3,209,0.0105
3,210,0.00825
3,211,0.01825
3,212,0.1655
3,213,0.02025
3,214,0.05425
3,215,0.11475
3,216,0.184
3,217,0.01475
3,218,0.06375
3,219,0.00225
3,220,0.21525
3,221,0.05775
3,222,0.052
3,223,0.01525
3,224,0.03525
3,225,0.0075
3,226,0.0425
3,227,0.06175
3,228,0.014
3,229,0.04725
3,230,0.853
3,231,0.18425
3,232,0.03125
3,233,0.0265
3,234,0.0985
3,235,0.1005
3,236,0.0545
3,237,0.008
3,238,0.04325
3,239,0.09175
3,240,0.217
3,241,0.02275
3,242,0.0585
3,243,0.09275
3,244,0.18625
3,245,0.02525
3,246,0.022
3,247,0.0295
3,248,0.06125
3,249,0.02275
3,250,0.02275
3,251,0.10925
3,252,0.05475
3,253,0.0265
3,254,0.00925
3,255,0.071
3,256,0.10775
3,257,0.0325
3,258,0.27275
3,259,0.06725
3,260,0.14925
3,261,0.04375
3,262,0.0645
3,263,0.02
3,264,0.5415
3,265,0.04575
3,266,0.22975
3,267,0.0465
3,268,0.046
3,269,0.11375
3,270,0.274
3,271,0.053
3,272,0.26675
3,273,0.02025
3,274,0.042
3,275,0.092
3,276,0.1855
3,277,0.3665
3,278,0.172
3,279,0.2165
3,280,0.027
3,281,0.01975
3,282,0.09175
3,283,0.015
3,284,0.012
3,285,0.03875
3,286,0.06725
3,287,0.03875
3,288,0.08275
3,289,0.031
3,290,0.0145
3,291,0.006
3,292,0.327
3,293,0.04425
3,294,0.05775
3,295,0.005
3,296,0.01075
3,297,0.05875
3,298,0.145
3,299,0.578
3,300,0.0335
3,301,0.02775
3,302,0.3665
3,303,0.02125
3,304,0.0835
3,305,0.05975
3,306,0.03975
3,307,0.0375
3,308,0.09225
3,309,0.05025
3,310,0.015
3,311,0.10875
3,312,0.08175
3,313,0.18875
3,314,0.173
3,315,0.0215
3,316,0.04925
3,317,0.0175
3,318,0.026
3,319,0.091
3,320,0.00925
3,321,0.01075
3,322,0.04625
3,323,0.18125
3,324,0.16075
3,325,0.21025
3,326,0.09875
3,327,0.041
3,328,0.215
3,329,0.05775
3,330,0.03225
3,331,0.02275
3,332,0.055
3,333,0.203
3,334,0.12825
3,335,0.14075
3,336,0.0555
3,337,0.05175
3,338,0.132
3,339,0.0665
3,340,0.008
3,341,0.0565
3,342,0.00875
3,343,0.029
3,344,0.05825
3,345,0.0285
3,346,0.02775
3,347,0.00625
3,348,0.1185
3,349,0.0695
3,350,0.04475
3,351,0.1885
3,352,0.06025
3,353,0.09375
3,354,0.076
3,355,0.21225
3,356,0.21525
3,357,0.014
3,358,0.0155
3,359,0.0405
3,360,0.10125
3,361,0.02925
3,362,0.0945
3,363,0.019
3,364,0.09775
3,365,0.22075
3,366,0.14275
3,367,0.102
3,368,0.1735
3,369,0.0255
3,370,0.07675
3,371,0.03725
3,372,0.03825
3,373,0.01625
3,374,0.49375
3,375,0.05175
3,376,0.16275
3,377,0.0985
3,378,0.2515
3,379,0.1325
3,380,0.025
3,381,0.06175
3,382,0.073
3,383,0.048
3,384,0.0625
3,385,0.097
3,386,0.08625
3,387,0.28725
3,388,0.38775
3,389,0.2605
3,390,0.1105
3,391,0.04675
3,392,0.01525
3,393,0.08725
3,394,0.0445
3,395,0.03075
3,396,0.2045
3,397,0.42925
3,398,0.02575
3,399,0.00875
3,400,0.00575
3,401,0.103
3,402,0.04725
3,403,0.43375
3,404,0.028
3,405,0.026
3,406,0.2855
3,407,0.03775
3,408,0.02575
3,409,0.0245
3,410,0.03425
3,411,0.03775
3,412,0.336
3,413,0.01325
3,414,0.235
3,415,0.49675
3,416,0.207
3,417,0.487
3,418,0.22625
3,419,0.04275
3,420,0.071
3,421,0.01675
3,422,0.09325
3,423,0.079
3,424,0.181
3,425,0.04825
3,426,0.0975
3,427,0.0525
3,428,0.03
3,429,0.03025
3,430,0.015
3,431,0.015
3,432,0.039
3,433,0.03025
3,434,0.0115
3,435,0.0335
3,436,0.10225
3,437,0.041
3,438,0.01375
3,439,0.37775
3,440,0.01325
3,441,0.0305
3,442,0.11525
3,443,0.09
3,444,0.03375
3,445,0.53675
3,446,0.13125
3,447,0.25725
3,448,0.1465
3,449,0.074
3,450,0.139
3,451,0.9625
3,452,0.4495
3,453,0.09025
3,454,0.13725
3,455,0.22725
3,456,0.01225
3,457,0.02725
3,458,0.10475
3,459,0.057
3,460,0.051
3,461,0.0375
3,462,0.021
3,463,0.02475
3,464,0.574
3,465,0.35675
3,466,0.0355
3,467,0.0435
3,468,0.42375
3,469,0.3505
3,470,0.02975
3,471,0.055
3,472,0.37325
3,473,0.064
3,474,0.177
3,475,0.08125
3,476,0.0515
3,477,0.0215
3,478,0.136
3,479,0.0485
3,480,0.014
3,481,0.6765
3,482,0.03125
3,483,0.03625
3,484,0.0265
3,485,0.0215
3,486,0.02475
3,487,0.01625
3,488,0.016
3,489,0.00275
3,490,0.3305
3,491,0.04025
3,492,0.00775
3,493,0.169
3,494,0.021
3,495,0.09675
3,496,0.04875
3,497,0.09025
3,498,0.04
3,499,0.01425
3,500,0.017
3,501,0.02175
3,502,0.07725
3,503,0.0635
3,504,0.178
3,505,0.439
3,506,0.039
3,507,0.07025
3,508,0.0595
3,509,0.04025
3,510,0.03275
3,511,0.01625
3,512,0.12125
3,513,0.066
3,514,0.01
3,515,0.00825
3,516,0.04125
3,517,0.02975
3,518,0.01875
3,519,0.16075
3,520,0.02425
3,521,0.06775
3,522,0.03025
3,523,0.0625
3,524,0.15325
3,525,0.0275
3,526,0.118
3,527,0.06925
3,528,0.14475
3,529,0.14525
3,530,0.055
3,531,0.1405
3,532,0.11075
3,533,0.17525
3,534,0.0065
3,535,0.045
3,536,0.2415
3,537,0.04875
3,538,0.159
3,539,0.01575
3,540,0.1075
3,541,0.006
3,542,0.0065
3,543,0.31625
3,544,0.03075
3,545,0.04425
3,546,0.03875
3,547,0.24125
3,548,0.16375
3,549,0.0305
3,550,0.05925
3,551,0.07225
3,552,0.0475
3,553,0.165
3,554,0.218
3,555,0.24725
3,556,0.143
3,557,0.0785
3,558,0.145
3,559,0.00625
3,560,0.00975
3,561,0.006
3,562,0.0475
3,563,0.0265
3,564,0.188
3,565,0.075
3,566,0.031
3,567,0.08925
3,568,0.12825
3,569,0.02325
3,570,0.0255
3,571,0.09425
3,572,0.02625
3,573,0.00425
3,574,0.029
3,575,0.01275
3,576,0.01075
3,577,0.0115
3,578,0.0085
3,579,0.04425
3,580,0.06775
3,581,0.048
3,582,0.04075
3,583,0.034
3,584,0.10675
3,585,0.2905
3,586,0.0925
3,587,0.06475
3,588,0.07425
3,589,0.03925
3,590,0.014
3,591,0.0075
3,592,0.032
3,593,0.0045
3,594,0.20125
3,595,0.04125
3,596,0.03475
3,597,0.09425
3,598,0.09025
3,599,0.0095
3,600,0.152
3,601,0.216
3,602,0.30675
3,603,0.209
3,604,0.131
3,605,0.033
3,606,0.03975
3,607,0.02425
3,608,0.0565
3,609,0.28775
3,610,0.118
3,611,0.06275
3,612,0.0345
3,613,0.1955
3,614,0.20275
3,615,0.063
3,616,0.03875
3,617,0.021
3,618,0.02025
3,619,0.11775
3,620,0.1365
3,621,0.0695
3,622,0.0255
3,623,0.05475
3,624,0.03425
3,625,0.16825
3,626,0.023
3,627,0.07875
3,628,0.01775
3,629,0.2155
3,630,0.02125
3,631,0.01925
3,632,0.0195
3,633,0.00425
3,634,0.126
3,635,0.0185
3,636,0.007
3,637,0.03225
3,638,0.052
3,639,0.07075
3,640,0.2695
3,641,0.07125
3,642,0.07925
3,643,0.078
3,644,0.019
3,645,0.09475
3,646,0.50375
3,647,0.01825
3,648,0.02475
3,649,0.027
3,650,0.09275
3,651,0.02025
3,652,0.039
3,653,0.0325
3,654,0.474
3,655,0.15775
3,656,0.03325
3,657,0.00425
3,658,0.08075
3,659,0.01
3,660,0.0785
3,661,0.02775
3,662,0.01425
3,663,0.066
3,664,0.042
3,665,0.01075
3,666,0.03775
3,667,0.022
3,668,0.099
3,669,0.06525
3,670,0.01575
3,671,0.05075
3,672,0.0585
3,673,0.01475
3,674,0.0185
3,675,0.09925
3,676,0.036
3,677,0.02525
3,678,0.00725
3,679,0.2635
3,680,0.0265
3,681,0.04675
3,682,0.111
3,683,0.06575
3,684,0.01375
3,685,0.02225
3,686,0.02975
3,687,0.0245
3,688,0.03
3,689,0.034
3,690,0.09825
3,691,0.13425
3,692,0.0205
3,693,0.04225
3,694,0.278
3,695,0.01525
3,696,0.022
3,697,0.0195
3,698,0.007
3,699,0.006
3,700,0.01925
3,701,0.18325
3,702,0.14175
3,703,0.048
3,704,0.0395
3,705,0.07425
3,706,0.0085
3,707,0.03975
3,708,0.0115
3,709,0.09775
3,710,0.1015
3,711,0.0185
3,712,0.032
3,713,0.0115
3,714,0.02975
3,715,0.073
3,716,0.0375
3,717,0.13375
3,718,0.19475
3,719,0.25225
3,720,0.14025
3,721,0.0445
3,722,0.0135
3,723,0.018
3,724,0.02
3,725,0.0565
3,726,0.41825
3,727,0.1565
3,728,0.0475
3,729,0.183
3,730,0.08225
3,731,0.21925
3,732,0.0465
3,733,0.22275
3,734,0.04125
3,735,0.12875
3,736,0.01525
3,737,0.0745
3,738,0.013
3,739,0.0695
3,740,0.00675
3,741,0.0715
3,742,0.75425
3,743,0.22925
3,744,0.01475
3,745,0.179
3,746,0.0485
3,747,0.122
3,748,0.02975
3,749,0.05025
3,750,0.244
3,751,0.039
3,752,0.12125
3,753,0.084
3,754,0.028
3,755,0.0305
3,756,0.03225
3,757,0.02125
3,758,0.1135
3,759,0.14425
3,760,0.10225
3,761,0.241
3,762,0.04975
3,763,0.22175
3,764,0.008
3,765,0.1305
3,766,0.095
3,767,0.109
3,768,0.0845
3,769,0.02075
3,770,0.0565
3,771,0.2235
3,772,0.0155
3,773,0.04
3,774,0.10025
3,775,0.01
3,776,0.03975
3,777,0.52375
3,778,0.057
3,779,0.0755
3,780,0.0795
3,781,0.035
3,782,0.057
3,783,0.025
3,784,0.00375
3,785,0.006
3,786,0.0225
3,787,0.22425
3,788,0.076
3,789,0.07375
3,790,0.0485
3,791,0.114
3,792,0.18275
3,793,0.04025
3,794,0.03225
3,795,0.01925
3,796,0.072
3,797,0.233
3,798,0.05125
3,799,0.06275
3,800,0.05875
3,801,0.2515
3,802,0.02175
3,803,0.02475
3,804,0.0445
3,805,0.0185
3,806,0.18675
3,807,0.468
3,808,0.08025
3,809,0.13425
3,810,0.2955
3,811,0.02275
3,812,0.036
3,813,0.08175
3,814,0.09475
3,815,0.01175
3,816,0.04075
3,817,0.024
3,818,0.03025
3,819,0.0525
3,820,0.01075
3,821,0.0365
3,822,0.053
3,823,0.147
3,824,0.0775
3,825,0.13925
3,826,0.007
3,827,0.03475
3,828,0.14225
3,829,0.17825
3,830,0.099
3,831,0.01675
3,832,0.0865
3,833,0.0585
3,834,0.046
3,835,0.04
3,836,0.0435
3,837,0.0665
3,838,0.0235
3,839,0.039
3,840,0.0665
3,841,0.113
3,842,0.04425
3,843,0.03525
3,844,0.2125
3,845,0.141
3,846,0.2925
3,847,0.09075
3,848,0.01175
3,849,0.09225
3,850,0.37825
3,851,0.093
3,852,0.09075
3,853,0.01625
3,854,0.10775
3,855,0.1065
3,856,0.0105
3,857,0.025
3,858,0.0285
3,859,0.01075
3,860,0.027
3,861,0.02025
3,862,0.01175
3,863,0.6445
3,864,0.20675
3,865,0.49
3,866,0.0155
3,867,0.372
3,868,0.02375
3,869,0.059
3,870,0.333
3,871,0.0745
3,872,0.07475
3,873,0.01525
3,874,0.09925
3,875,0.06625
3,876,0.03375
3,877,0.084
3,878,0.1125
3,879,0.10175
3,880,0.0585
3,881,0.08725
3,882,0.14775
3,883,0.17175
3,884,0.01275
3,885,0.076
3,886,0.12625
3,887,0.051
3,888,0.0655
3,889,0.1115
3,890,0.1045
3,891,0.04775
3,892,0.0245
3,893,0.0855
3,894,0.02575
3,895,0.26125
3,896,0.06575
3,897,0.10475
3,898,0.091
3,899,0.05775
3,900,0.16025
3,901,0.97525
3,902,0.9305
3,903,0.04325
3,904,0.13625
3,905,0.0415
3,906,0.0605
3,907,0.06175
3,908,0.045
3,909,0.02525
3,910,0.17325
3,911,0.2845
3,912,0.00375
3,913,0.12675
3,914,0.04775
3,915,0.41
3,916,0.0125
3,917,0.01425
3,918,0.02075
3,919,0.3315
3,920,0.4055
3,921,0.20525
3,922,0.13875
3,923,0.0265
3,924,0.0115
3,925,0.01825
3,926,0.30675
3,927,0.02325
3,928,0.03625
3,929,0.065
3,930,0.02275
3,931,0.28425
3,932,0.07375
3,933,0.20625
3,934,0.031
3,935,0.00425
3,936,0.14475
3,937,0.16025
3,938,0.00875
3,939,0.012
3,940,0.01
3,941,0.10125
3,942,0.013
3,943,0.06675
3,944,0.02825
3,945,0.04125
3,946,0.0455
3,947,0.01675
3,948,0.02275
3,949,0.018
3,950,0.11225
3,951,0.1615
3,952,0.03075
3,953,0.0475
3,954,0.013
3,955,0.03875
3,956,0.106
3,957,0.02425
3,958,0.06075
3,959,0.06325
3,960,0.05825
3,961,0.0765
3,962,0.01675
3,963,0.10325
3,964,0.008
3,965,0.01175
3,966,0.0445
3,967,0.25025
3,968,0.07775
3,969,0.01875
3,970,0.00375
3,971,0.44175
3,972,0.33325
3,973,0.057
3,974,0.03
3,975,0.0115
3,976,0.003
3,977,0.07325
3,978,0.08325
3,979,0.144
3,980,0.149
3,981,0.07675
3,982,0.18025
3,983,0.0295
3,984,0.05475
3,985,0.024
3,986,0.0505
3,987,0.04225
3,988,0.022
3,989,0.04375
3,990,0.09775
3,991,0.0795
3,992,0.257
3,993,0.02275
3,994,0.0455
3,995,0.134
3,996,0.06825
3,997,0.1275
3,998,0.1115
3,999,0.261
3,1000,0.09325
3,1001,0.082
3,1002,0.003
3,1003,0.25125
3,1004,0.10325
3,1005,0.02275
3,1006,0.01825
3,1007,0.07425
3,1008,0.16975
3,1009,0.00475
3,1010,0.08925
3,1011,0.1075
3,1012,0.161
3,1013,0.166
3,1014,0.1955
3,1015,0.1035
3,1016,0.0445
3,1017,0.155
3,1018,0.03325
3,1019,0.01125
3,1020,0.11775
3,1021,0.0365
3,1022,0.02375
3,1023,0.157
3,1024,0.1465
3,1025,0.0935
3,1026,0.1685
3,1027,0.0265
3,1028,0.0295
3,1029,0.07
3,1030,0.0125
3,1031,0.0605
3,1032,0.08375
3,1033,0.0545
3,1034,0.09075
3,1035,0.253
3,1036,0.0175
3,1037,0.11
3,1038,0.01675
3,1039,0.01725
3,1040,0.2415
3,1041,0.01725
3,1042,0.0625
3,1043,0.10525
3,1044,0.1435
3,1045,0.06225
3,1046,0.1055
3,1047,0.075
3,1048,0.01875
3,1049,0.11925
3,1050,0.29925
3,1051,0.23075
3,1052,0.031
3,1053,0.1285
3,1054,0.1875
3,1055,0.01525
3,1056,0.02975
3,1057,0.31075
3,1058,0.0305
3,1059,0.01175
3,1060,0.00425
3,1061,0.024
3,1062,0.27125
3,1063,0.07375
3,1064,0.22125
3,1065,0.11225
3,1066,0.0745
3,1067,0.0165
3,1068,0.03325
3,1069,0.0045
3,1070,0.5105
3,1071,0.51475
3,1072,0.259
3,1073,0.14175
3,1074,0.02575
3,1075,0.016
3,1076,0.009
3,1077,0.008
3,1078,0.01375
3,1079,0.00825
3,1080,0.003
3,1081,0.0485
3,1082,0.08525
3,1083,0.06525
3,1084,0.1345
3,1085,0.09825
3,1086,0.04975
3,1087,0.01775
3,1088,0.02375
3,1089,0.10175
3,1090,0.10725
3,1091,0.196
3,1092,0.0985
3,1093,0.0495
3,1094,0.021
3,1095,0.0625
3,1096,0.035
3,1097,0.0315
3,1098,0.076
3,1099,0.02
3,1100,0.04725
3,1101,0.14125
3,1102,0.42725
3,1103,0.03525
3,1104,0.2435
3,1105,0.061
3,1106,0.02
3,1107,0.038
3,1108,0.13025
3,1109,0.13325
3,1110,0.0395
3,1111,0.025
3,1112,0.0195
3,1113,0.0295
3,1114,0.22325
3,1115,0.0265
3,1116,0.35075
3,1117,0.0215
3,1118,0.07325
3,1119,0.06275
3,1120,0.0195
3,1121,0.02225
3,1122,0.023
3,1123,0.122
3,1124,0.03475
3,1125,0.017
3,1126,0.018
3,1127,0.091
3,1128,0.01775
4,1,0.03425
4,2,0.038
4,3,0.0405
4,4,0.031
4,5,0.065
4,6,0.03575
4,7,0.029
4,8,0.0865
4,9,0.032
4,10,0.0315
4,11,0.028
4,12,0.03475
4,13,0.07775
4,14,0.01325
4,15,0.00325
4,16,0.0265
4,17,0.01875
4,18,0.13375
4,19,0.147
4,20,0.11025
4,21,0.507
4,22,0.46175
4,23,0.11
4,24,0.017
4,25,0.0745
4,26,0.06075
4,27,0.12525
4,28,0.61775
4,29,0.14875
4,30,0.1315
4,31,0.0135
4,32,0.0405
4,33,0.0525
4,34,0.03725
4,35,0.0455
4,36,0.10175
4,37,0.0965
4,38,0.01225
4,39,0.018
4,40,0.00625
4,41,0.0085
4,42,0.025
4,43,0.0205
4,44,0.0175
4,45,0.0295
4,46,0.0775
4,47,0.01025
4,48,0.03225
4,49,0.173
4,50,0.058
4,51,0.139
4,52,0.09825
4,53,0.0295
4,54,0.047
4,55,0.05325
4,56,0.045
4,57,0.0185
4,58,0.042
4,59,0.073
4,60,0.0095
4,61,0.04775
4,62,0.1245
4,63,0.01225
4,64,0.05
4,65,0.01775
4,66,0.01925
4,67,0.03925
4,68,0.0205
4,69,0.009
4,70,0.04475
4,71,0.0045
4,72,0.0245
4,73,0.03925
4,74,0.00675
4,75,0.17275
4,76,0.03725
4,77,0.013
4,78,0.066
4,79,0.0545
4,80,0.02625
4,81,0.053
4,82,0.073
4,83,0.0505
4,84,0.031
4,85,0.0615
4,86,0.136
4,87,0.02925
4,88,0.01
4,89,0.01975
4,90,0.04775
4,91,0.0195
4,92,0.02
4,93,0.021
4,94,0.08775
4,95,0.08175
4,96,0.1025
4,97,0.3295
4,98,0.096
4,99,0.13375
4,100,0.302
4,101,0.0645
4,102,0.02225
4,103,0.01325
4,104,0.0045
4,105,0.033
4,106,0.0025
4,107,0.536
4,108,0.0315
4,109,0.129
4,110,0.05525
4,111,0.01675
4,112,0.02775
4,113,0.366
4,114,0.01325
4,115,0.104
4,116,0.017
4,117,0.0045
4,118,0.15475
4,119,0.003
4,120,0.113
4,121,0.1425
4,122,0.15625
4,123,0.01325
4,124,0.02425
4,125,0.02775
4,126,0.021
4,127,0.035
4,128,0.45225
4,129,0.1
4,130,0.01325
4,131,0.009
4,132,0.30825
4,133,0.04275
4,134,0.0285
4,135,0.05
4,136,0.02
4,137,0.02725
4,138,0.232
4,139,0.031
4,140,0.02575
4,141,0.10375
4,142,0.02425
4,143,0.0635
4,144,0.10475
4,145,0.05325
4,146,0.05525
4,147,0.014
4,148,0.06525
4,149,0.0905
4,150,0.0175
4,151,0.04
4,152,0.282
4,153,0.21125
4,154,0.30225
4,155,0.1425
4,156,0.07075
4,157,0.035
4,158,0.0135
4,159,0.0115
4,160,0.057
4,161,0.01
4,162,0.0975
4,163,0.007
4,164,0.07625
4,165,0.01725
4,166,0.01725
4,167,0.1045
4,168,0.05475
4,169,0.26325
4,170,0.026
4,171,0.0355
4,172,0.09925
4,173,0.05125
4,174,0.01025
4,175,0.10175
4,176,0.1185
4,177,0.05725
4,178,0.014
4,179,0.437
4,180,0.01775
4,181,0.021
4,182,0.0765
4,183,0.063
4,184,0.01025
4,185,0.05
4,186,0.14075
4,187,0.0075
4,188,0.4475
4,189,0.03225
4,190,0.03225
4,191,0.044
4,192,0.1305
4,193,0.0175
4,194,0.05475
4,195,0.51625
4,196,0.533
4,197,0.034
4,198,0.07975
4,199,0.013
4,200,0.02675
4,201,0.899
4,202,0.0115
4,203,0.195
4,204,0.0965
4,205,0.00675
4,206,0.03825
4,207,0.00675
4,208,0.023
4,209,0.009
4,210,0.0075
4,211,0.01725
4,212,0.1515
4,213,0.01075
4,214,0.028
4,215,0.11325
4,216,0.23375
4,217,0.01275
4,218,0.07025
4,219,0.00225
4,220,0.192
4,221,0.03725
4,222,0.035
4,223,0.019
4,224,0.028
4,225,0.006
4,226,0.0335
4,227,0.026
4,228,0.01025
4,229,0.0545
4,230,0.11075
4,231,0.06925
4,232,0.02875
4,233,0.0205
4,234,0.05325
4,235,0.0875
4,236,0.0645
4,237,0.00775
4,238,0.0615
4,239,0.02625
4,240,0.145
4,241,0.0325
4,242,0.11425
4,243,0.099
4,244,0.191
4,245,0.0205
4,246,0.0185
4,247,0.02375
4,248,0.03075
4,249,0.024
4,250,0.01925
4,251,0.06525
4,252,0.051
4,253,0.0325
4,254,0.0105
4,255,0.064
4,256,0.03425
4,257,0.06775
4,258,0.17925
4,259,0.10025
4,260,0.11375
4,261,0.0285
4,262,0.03075
4,263,0.0175
4,264,0.097
4,265,0.057
4,266,0.171
4,267,0.03275
4,268,0.0405
4,269,0.0995
4,270,0.21075
4,271,0.094
4,272,0.265
4,273,0.018
4,274,0.03925
4,275,0.0895
4,276,0.1945
4,277,0.282
4,278,0.223
4,279,0.1625
4,280,0.0185
4,281,0.01375
4,282,0.0495
4,283,0.0125
4,284,0.016
4,285,0.02975
4,286,0.07475
4,287,0.05125
4,288,0.0705
4,289,0.034
4,290,0.01225
4,291,0.006
4,292,0.2625
4,293,0.0315
4,294,0.07725
4,295,0.00825
4,296,0.01475
4,297,0.12325
4,298,0.04925
4,299,0.35125
4,300,0.03125
4,301,0.024
4,302,0.3445
4,303,0.0235
4,304,0.067
4,305,0.05825
4,306,0.0385
4,307,0.028
4,308,0.165
4,309,0.056
4,310,0.0245
4,311,0.1605
4,312,0.0675
4,313,0.82375
4,314,0.11525
4,315,0.03725
4,316,0.04225
4,317,0.01225
4,318,0.0205
4,319,0.07025
4,320,0.00825
4,321,0.00825
4,322,0.03975
4,323,0.265
4,324,0.168
4,325,0.1915
4,326,0.0805
4,327,0.03975
4,328,0.57
4,329,0.06175
4,330,0.10025
4,331,0.0545
4,332,0.0485
4,333,0.0475
4,334,0.07325
4,335,0.206
4,336,0.03625
4,337,0.0415
4,338,0.10625
4,339,0.048
4,340,0.00725
4,341,0.05525
4,342,0.01675
4,343,0.053
4,344,0.0455
4,345,0.03375
4,346,0.01325
4,347,0.0055
4,348,0.168
4,349,0.0425
4,350,0.03625
4,351,0.1255
4,352,0.0115
4,353,0.03475
4,354,0.0745
4,355,0.1695
4,356,0.24475
4,357,0.0395
4,358,0.0195
4,359,0.03075
4,360,0.136
4,361,0.02825
4,362,0.09425
4,363,0.01825
4,364,0.11525
4,365,0.202
4,366,0.19125
4,367,0.0755
4,368,0.169
4,369,0.03225
4,370,0.07075
4,371,0.051
4,372,0.03375
4,373,0.01275
4,374,0.4235
4,375,0.045
4,376,0.07925
4,377,0.1215
4,378,0.2745
4,379,0.09975
4,380,0.01075
4,381,0.09075
4,382,0.06675
4,383,0.04
4,384,0.01625
4,385,0.0225
4,386,0.071
4,387,0.47275
4,388,0.59
4,389,0.22025
4,390,0.0355
4,391,0.04025
4,392,0.0045
4,393,0.1015
4,394,0.03925
4,395,0.01825
4,396,0.32525
4,397,0.02925
4,398,0.018
4,399,0.015
4,400,0.00725
4,401,0.04975
4,402,0.03675
4,403,0.05075
4,404,0.019
4,405,0.03025
4,406,0.1185
4,407,0.0375
4,408,0.02625
4,409,0.03125
4,410,0.0495
4,411,0.03325
4,412,0.536
4,413,0.01075
4,414,0.1775
4,415,0.21975
4,416,0.01725
4,417,0.16825
4,418,0.0815
4,419,0.035
4,420,0.0465
4,421,0.01075
4,422,0.08525
4,423,0.0595
4,424,0.19575
4,425,0.47475
4,426,0.114
4,427,0.04525
4,428,0.02075
4,429,0.03075
4,430,0.01675
4,431,0.00975
4,432,0.04775
4,433,0.0345
4,434,0.0145
4,435,0.03725
4,436,0.085
4,437,0.0285
4,438,0.01125
4,439,0.79
4,440,0.0635
4,441,0.03975
4,442,0.033
4,443,0.0775
4,444,0.01325
4,445,0.43925
4,446,0.1145
4,447,0.1165
4,448,0.1245
4,449,0.077
4,450,0.17025
4,451,0.02975
4,452,0.305
4,453,0.08375
4,454,0.1
4,455,0.06825
4,456,0.00825
4,457,0.033
4,458,0.0915
4,459,0.05225
4,460,0.04525
4,461,0.05
4,462,0.01925
4,463,0.0335
4,464,0.415
4,465,0.2205
4,466,0.03925
4,467,0.04575
4,468,0.383
4,469,0.201
4,470,0.031
4,471,0.05925
4,472,0.21025
4,473,0.03825
4,474,0.159
4,475,0.081
4,476,0.01075
4,477,0.01875
4,478,0.14
4,479,0.07275
4,480,0.01275
4,481,0.138
4,482,0.04325
4,483,0.024
4,484,0.114
4,485,0.10925
4,486,0.01475
4,487,0.017
4,488,0.016
4,489,0.002
4,490,0.3915
4,491,0.0525
4,492,0.0065
4,493,0.15525
4,494,0.01925
4,495,0.04825
4,496,0.04175
4,497,0.31
4,498,0.0255
4,499,0.01275
4,500,0.0805
4,501,0.0175
4,502,0.0745
4,503,0.079
4,504,0.134
4,505,0.0925
4,506,0.015
4,507,0.14
4,508,0.063
4,509,0.013
4,510,0.04275
4,511,0.01975
4,512,0.093
4,513,0.02825
4,514,0.012
4,515,0.006
4,516,0.06675
4,517,0.0895
4,518,0.03425
4,519,0.20625
4,520,0.0145
4,521,0.2355
4,522,0.03725
4,523,0.0315
4,524,0.22175
4,525,0.01975
4,526,0.09925
4,527,0.06125
4,528,0.039
4,529,0.144
4,530,0.08825
4,531,0.14425
4,532,0.2005
4,533,0.05675
4,534,0.00725
4,535,0.047
4,536,0.21575
4,537,0.028
4,538,0.06625
4,539,0.0075
4,540,0.152
4,541,0.003
4,542,0.00625
4,543,0.137
4,544,0.0315
4,545,0.54075
4,546,0.026
4,547,0.081
4,548,0.16225
4,549,0.027
4,550,0.0495
4,551,0.06225
4,552,0.03975
4,553,0.17525
4,554,0.16525
4,555,0.16325
4,556,0.41825
4,557,0.1275
4,558,0.1015
4,559,0.008
4,560,0.01225
4,561,0.00875
4,562,0.03475
4,563,0.022
4,564,0.116
4,565,0.05125
4,566,0.02725
4,567,0.119
4,568,0.11975
4,569,0.02375
4,570,0.04775
4,571,0.0075
4,572,0.0205
4,573,0.003
4,574,0.047
4,575,0.01
4,576,0.01075
4,577,0.00675
4,578,0.0405
4,579,0.0295
4,580,0.04025
4,581,0.057
4,582,0.038
4,583,0.0625
4,584,0.063
4,585,0.32725
4,586,0.07
4,587,0.04375
4,588,0.04225
4,589,0.05525
4,590,0.00975
4,591,0.007
4,592,0.026
4,593,0.004
4,594,0.0925
4,595,0.02975
4,596,0.03975
4,597,0.04125
4,598,0.03275
4,599,0.06875
4,600,0.14775
4,601,0.169
4,602,0.31
4,603,0.279
4,604,0.126
4,605,0.0655
4,606,0.088
4,607,0.01375
4,608,0.09
4,609,0.26025
4,610,0.19325
4,611,0.079
4,612,0.04675
4,613,0.6425
4,614,0.42075
4,615,0.10575
4,616,0.0715
4,617,0.015
4,618,0.06325
4,619,0.10625
4,620,0.102
4,621,0.04925
4,622,0.0115
4,623,0.0495
4,624,0.039
4,625,0.1755
4,626,0.0175
4,627,0.1395
4,628,0.01125
4,629,0.325
4,630,0.02725
4,631,0.01425
4,632,0.018
4,633,0.00575
4,634,0.05975
4,635,0.01775
4,636,0.00625
4,637,0.035
4,638,0.021
4,639,0.07125
4,640,0.312
4,641,0.0875
4,642,0.08325
4,643,0.08725
4,644,0.014
4,645,0.10525
4,646,0.49475
4,647,0.01575
4,648,0.01725
4,649,0.038
4,650,0.154
4,651,0.025
4,652,0.038
4,653,0.0195
4,654,0.01375
4,655,0.03375
4,656,0.03425
4,657,0.0045
4,658,0.04325
4,659,0.014
4,660,0.07375
4,661,0.02025
4,662,0.01175
4,663,0.04475
4,664,0.04525
4,665,0.00675
4,666,0.043
4,667,0.01425
4,668,0.0965
4,669,0.0855
4,670,0.02775
4,671,0.02625
4,672,0.041
4,673,0.0075
4,674,0.02
4,675,0.07625
4,676,0.0245
4,677,0.029
4,678,0.00675
4,679,0.22225
4,680,0.0085
4,681,0.0365
4,682,0.08975
4,683,0.073
4,684,0.042
4,685,0.027
4,686,0.04925
4,687,0.03175
4,688,0.03625
4,689,0.03225
4,690,0.05725
4,691,0.138
4,692,0.0155
4,693,0.02
4,694,0.24175
4,695,0.01575
4,696,0.01975
4,697,0.01925
4,698,0.007
4,699,0.00425
4,700,0.02125
4,701,0.0415
4,702,0.08425
4,703,0.0845
4,704,0.06
4,705,0.079
4,706,0.011
4,707,0.02775
4,708,0.01675
4,709,0.07275
4,710,0.149
4,711,0.0235
4,712,0.03625
4,713,0.047
4,714,0.026
4,715,0.074
4,716,0.02325
4,717,0.13525
4,718,0.03775
4,719,0.296
4,720,0.145
4,721,0.04375
4,722,0.01125
4,723,0.01075
4,724,0.01225
4,725,0.04025
4,726,0.2705
4,727,0.1655
4,728,0.0525
4,729,0.198
4,730,0.10975
4,731,0.15275
4,732,0.117
4,733,0.15
4,734,0.021
4,735,0.1115
4,736,0.0465
4,737,0.03625
4,738,0.008
4,739,0.03375
4,740,0.03825
4,741,0.039
4,742,0.64075
4,743,0.118
4,744,0.0195
4,745,0.246
4,746,0.056
4,747,0.1165
4,748,0.03525
4,749,0.06675
4,750,0.26625
4,751,0.04525
4,752,0.0965
4,753,0.073
4,754,0.026
4,755,0.064
4,756,0.0465
4,757,0.02
4,758,0.10625
4,759,0.1745
4,760,0.05625
4,761,0.18375
4,762,0.014
4,763,0.24375
4,764,0.01
4,765,0.1185
4,766,0.08225
4,767,0.0765
4,768,0.08725
4,769,0.0405
4,770,0.04
4,771,0.23525
4,772,0.01525
4,773,0.03575
4,774,0.12525
4,775,0.00575
4,776,0.03425
4,777,0.3185
4,778,0.052
4,779,0.06075
4,780,0.06625
4,781,0.05325
4,782,0.064
4,783,0.17925
4,784,0.00225
4,785,0.007
4,786,0.0215
4,787,0.109
4,788,0.08275
4,789,0.05275
4,790,0.09675
4,791,0.0645
4,792,0.3745
4,793,0.031
4,794,0.0315
4,795,0.01275
4,796,0.05475
4,797,0.20575
4,798,0.05775
4,799,0.04375
4,800,0.06225
4,801,0.23775
4,802,0.023
4,803,0.02125
4,804,0.05625
4,805,0.0205
4,806,0.1565
4,807,0.48575
4,808,0.0745
4,809,0.147
4,810,0.008
4,811,0.02975
4,812,0.0445
4,813,0.064
4,814,0.06575
4,815,0.01325
4,816,0.03375
4,817,0.026
4,818,0.0355
4,819,0.07525
4,820,0.0135
4,821,0.043
4,822,0.04275
4,823,0.12575
4,824,0.0735
4,825,0.18925
4,826,0.0095
4,827,0.0265
4,828,0.29275
4,829,0.19225
4,830,0.08225
4,831,0.01775
4,832,0.08575
4,833,0.0835
4,834,0.04175
4,835,0.068
4,836,0.0845
4,837,0.06
4,838,0.01675
4,839,0.07075
4,840,0.08675
4,841,0.1235
4,842,0.0455
4,843,0.02525
4,844,0.2065
4,845,0.23525
4,846,0.70575
4,847,0.03575
4,848,0.0145
4,849,0.0675
4,850,0.35725
4,851,0.05825
4,852,0.0825
4,853,0.01225
4,854,0.164
4,855,0.045
4,856,0.0175
4,857,0.0135
4,858,0.03775
4,859,0.01425
4,860,0.02325
4,861,0.01525
4,862,0.01375
4,863,0.26025
4,864,0.764
4,865,0.2175
4,866,0.008
4,867,0.289
4,868,0.0155
4,869,0.04775
4,870,0.21
4,871,0.082
4,872,0.0815
4,873,0.0135
4,874,0.085
4,875,0.05275
4,876,0.04275
4,877,0.04775
4,878,0.11775
4,879,0.048
4,880,0.04025
4,881,0.054
4,882,0.1335
4,883,0.0485
4,884,0.00925
4,885,0.1025
4,886,0.129
4,887,0.0485
4,888,0.05175
4,889,0.09675
4,890,0.08775
4,891,0.03025
4,892,0.0225
4,893,0.051
4,894,0.02925
4,895,0.067
4,896,0.03725
4,897,0.10725
4,898,0.147
4,899,0.0855
4,900,0.41325
4,901,0.04025
4,902,0.08375
4,903,0.0315
4,904,0.05325
4,905,0.0935
4,906,0.02
4,907,0.065
4,908,0.03525
4,909,0.043
4,910,0.1485
4,911,0.27675
4,912,0.008
4,913,0.543
4,914,0.0215
4,915,0.24975
4,916,0.01025
4,917,0.0135
4,918,0.0365
4,919,0.14875
4,920,0.14825
4,921,0.08975
4,922,0.09275
4,923,0.0465
4,924,0.01225
4,925,0.01925
4,926,0.18175
4,927,0.03125
4,928,0.023
4,929,0.067
4,930,0.0205
4,931,0.10425
4,932,0.06775
4,933,0.246
4,934,0.0135
4,935,0.0075
4,936,0.209
4,937,0.24175
4,938,0.00975
4,939,0.00525
4,940,0.0155
4,941,0.05475
4,942,0.01275
4,943,0.059
4,944,0.02225
4,945,0.034
4,946,0.01075
4,947,0.01075
4,948,0.02725
4,949,0.01925
4,950,0.096
4,951,0.1385
4,952,0.04275
4,953,0.05275
4,954,0.009
4,955,0.03475
4,956,0.11625
4,957,0.0205
4,958,0.027
4,959,0.02525
4,960,0.0505
4,961,0.08225
4,962,0.0135
4,963,0.1
4,964,0.00675
4,965,0.008
4,966,0.05425
4,967,0.5685
4,968,0.0665
4,969,0.0225
4,970,0.01
4,971,0.2595
4,972,0.333
4,973,0.02825
4,974,0.0265
4,975,0.021
4,976,0.0035
4,977,0.04425
4,978,0.04775
4,979,0.08725
4,980,0.064
4,981,0.0735
4,982,0.20575
4,983,0.04075
4,984,0.062
4,985,0.0495
4,986,0.07425
4,987,0.03725
4,988,0.0265
4,989,0.03875
4,990,0.083
4,991,0.07325
4,992,0.20275
4,993,0.00725
4,994,0.031
4,995,0.15
4,996,0.08625
4,997,0.0855
4,998,0.11475
4,999,0.19425
4,1000,0.09525
4,1001,0.058
4,1002,0.00175
4,1003,0.48175
4,1004,0.0965
4,1005,0.0125
4,1006,0.01375
4,1007,0.0915
4,1008,0.182
4,1009,0.00475
4,1010,0.10075
4,1011,0.10875
4,1012,0.12325
4,1013,0.1575
4,1014,0.222
4,1015,0.119
4,1016,0.0675
4,1017,0.13125
4,1018,0.014
4,1019,0.01125
4,1020,0.06675
4,1021,0.0315
4,1022,0.00975
4,1023,0.06525
4,1024,0.14525
4,1025,0.05275
4,1026,0.0455
4,1027,0.01875
4,1028,0.01825
4,1029,0.062
4,1030,0.01075
4,1031,0.053
4,1032,0.1285
4,1033,0.104
4,1034,0.08
4,1035,0.5545
4,1036,0.01875
4,1037,0.14975
4,1038,0.00925
4,1039,0.00825
4,1040,0.2425
4,1041,0.0255
4,1042,0.044
4,1043,0.01675
4,1044,0.0395
4,1045,0.07425
4,1046,0.03725
4,1047,0.093
4,1048,0.02275
4,1049,0.07
4,1050,0.14425
4,1051,0.21025
4,1052,0.0265
4,1053,0.0695
4,1054,0.11075
4,1055,0.0165
4,1056,0.01825
4,1057,0.2225
4,1058,0.04075
4,1059,0.01725
4,1060,0.00725
4,1061,0.0455
4,1062,0.6245
4,1063,0.06175
4,1064,0.255
4,1065,0.057
4,1066,0.05875
4,1067,0.018
4,1068,0.18375
4,1069,0.00475
4,1070,0.434
4,1071,0.26225
4,1072,0.195
4,1073,0.12775
4,1074,0.02825
4,1075,0.0155
4,1076,0.00925
4,1077,0.00775
4,1078,0.01625
4,1079,0.01225
4,1080,0.0045
4,1081,0.02875
4,1082,0.08625
4,1083,0.053
4,1084,0.15075
4,1085,0.0865
4,1086,0.02725
4,1087,0.01325
4,1088,0.0225
4,1089,0.088
4,1090,0.1075
4,1091,0.2115
4,1092,0.11625
4,1093,0.06575
4,1094,0.02975
4,1095,0.0435
4,1096,0.03425
4,1097,0.02
4,1098,0.0665
4,1099,0.0155
4,1100,0.0205
4,1101,0.2895
4,1102,0.08225
4,1103,0.027
4,1104,0.21975
4,1105,0.06975
4,1106,0.02525
4,1107,0.018
4,1108,0.14775
4,1109,0.0645
4,1110,0.224
4,1111,0.0385
4,1112,0.02275
4,1113,0.03625
4,1114,0.10725
4,1115,0.02875
4,1116,0.97525
4,1117,0.02075
4,1118,0.3865
4,1119,0.05325
4,1120,0.028
4,1121,0.01675
4,1122,0.03875
4,1123,0.182
4,1124,0.0705
4,1125,0.01625
4,1126,0.01425
4,1127,0.0885
4,1128,0.015
5,1,0.043
5,2,0.05325
5,3,0.038
5,4,0.041
5,5,0.054
5,6,0.06725
5,7,0.02775
5,8,0.0765
5,9,0.0215
5,10,0.02975
5,11,0.02775
5,12,0.033
5,13,0.0505
5,14,0.00825
5,15,0.003
5,16,0.02525
5,17,0.018
5,18,0.15475
5,19,0.15575
5,20,0.16825
5,21,0.28925
5,22,0.198
5,23,0.089
5,24,0.0225
5,25,0.04425
5,26,0.04775
5,27,0.2175
5,28,0.113
5,29,0.1635
5,30,0.11875
5,31,0.0115
5,32,0.035
5,33,0.063
5,34,0.02575
5,35,0.10925
5,36,0.19875
5,37,0.03225
5,38,0.028
5,39,0.05175
5,40,0.007
5,41,0.01375
5,42,0.018
5,43,0.02575
5,44,0.032
5,45,0.03575
5,46,0.06975
5,47,0.0065
5,48,0.02575
5,49,0.17825
5,50,0.0505
5,51,0.15625
5,52,0.12225
5,53,0.0605
5,54,0.03825
5,55,0.07575
5,56,0.02325
5,57,0.01525
5,58,0.05775
5,59,0.0845
5,60,0.01325
5,61,0.08325
5,62,0.09175
5,63,0.006
5,64,0.0355
5,65,0.019
5,66,0.023
5,67,0.0435
5,68,0.018
5,69,0.009
5,70,0.067
5,71,0.01
5,72,0.033
5,73,0.02875
5,74,0.00925
5,75,0.09725
5,76,0.02075
5,77,0.01375
5,78,0.05325
5,79,0.04775
5,80,0.01825
5,81,0.0445
5,82,0.0745
5,83,0.03175
5,84,0.043
5,85,0.07325
5,86,0.1535
5,87,0.04475
5,88,0.0145
5,89,0.0215
5,90,0.03625
5,91,0.02125
5,92,0.02325
5,93,0.043
5,94,0.08525
5,95,0.04675
5,96,0.12925
5,97,0.09825
5,98,0.2865
5,99,0.12175
5,100,0.24625
5,101,0.058
5,102,0.01825
5,103,0.26575
5,104,0.0035
5,105,0.0465
5,106,0.00325
5,107,0.1015
5,108,0.03175
5,109,0.134
5,110,0.04025
5,111,0.027
5,112,0.03925
5,113,0.16225
5,114,0.016
5,115,0.10025
5,116,0.07575
5,117,0.005
5,118,0.0375
5,119,0.00375
5,120,0.06925
5,121,0.10575
5,122,0.25775
5,123,0.02425
5,124,0.02275
5,125,0.02625
5,126,0.0225
5,127,0.0275
5,128,0.269
5,129,0.271
5,130,0.0215
5,131,0.01025
5,132,0.29
5,133,0.0585
5,134,0.02775
5,135,0.047
5,136,0.028
5,137,0.0225
5,138,0.3795
5,139,0.02675
5,140,0.02475
5,141,0.0895
5,142,0.00925
5,143,0.0535
5,144,0.11575
5,145,0.02975
5,146,0.0475
5,147,0.0185
5,148,0.07475
5,149,0.09425
5,150,0.01175
5,151,0.04075
5,152,0.03425
5,153,0.035
5,154,0.1615
5,155,0.10875
5,156,0.04475
5,157,0.30675
5,158,0.021
5,159,0.02475
5,160,0.048
5,161,0.0085
5,162,0.08425
5,163,0.0105
5,164,0.06675
5,165,0.02025
5,166,0.01625
5,167,0.114
5,168,0.028
5,169,0.217
5,170,0.04675
5,171,0.06025
5,172,0.0785
5,173,0.0795
5,174,0.0135
5,175,0.3215
5,176,0.118
5,177,0.05425
5,178,0.028
5,179,0.14375
5,180,0.0155
5,181,0.02175
5,182,0.07525
5,183,0.07725
5,184,0.0175
5,185,0.052
5,186,0.0705
5,187,0.009
5,188,0.54475
5,189,0.0395
5,190,0.0335
5,191,0.06275
5,192,0.09275
5,193,0.021
5,194,0.0765
5,195,0.5815
5,196,0.102
5,197,0.028
5,198,0.08375
5,199,0.0185
5,200,0.0315
5,201,0.23125
5,202,0.0115
5,203,0.20725
5,204,0.17975
5,205,0.011
5,206,0.05975
5,207,0.00925
5,208,0.01725
5,209,0.00825
5,210,0.0135
5,211,0.02225
5,212,0.14925
5,213,0.01025
5,214,0.02075
5,215,0.062
5,216,0.133
5,217,0.0135
5,218,0.06475
5,219,0.00175
5,220,0.2035
5,221,0.06525
5,222,0.063
5,223,0.0315
5,224,0.03225
5,225,0.0065
5,226,0.02825
5,227,0.03425
5,228,0.01125
5,229,0.07
5,230,0.83925
5,231,0.11775
5,232,0.02975
5,233,0.02275
5,234,0.0725
5,235,0.07825
5,236,0.0545
5,237,0.0045
5,238,0.06325
5,239,0.06525
5,240,0.182
5,241,0.0245
5,242,0.106
5,243,0.089
5,244,0.208
5,245,0.02475
5,246,0.0185
5,247,0.02525
5,248,0.0315
5,249,0.018
5,250,0.01875
5,251,0.06675
5,252,0.04975
5,253,0.02625
5,254,0.0145
5,255,0.07825
5,256,0.0915
5,257,0.03825
5,258,0.21225
5,259,0.08125
5,260,0.13275
5,261,0.02075
5,262,0.0415
5,263,0.018
5,264,0.4495
5,265,0.106
5,266,0.31675
5,267,0.031
5,268,0.038
5,269,0.09925
5,270,0.22625
5,271,0.05175
5,272,0.27825
5,273,0.0285
5,274,0.02675
5,275,0.07675
5,276,0.167
5,277,0.43025
5,278,0.512
5,279,0.60375
5,280,0.01825
5,281,0.01525
5,282,0.051
5,283,0.01325
5,284,0.01675
5,285,0.026
5,286,0.061
5,287,0.06775
5,288,0.06525
5,289,0.02625
5,290,0.013
5,291,0.00775
5,292,0.16925
5,293,0.03525
5,294,0.05725
5,295,0.0085
5,296,0.0105
5,297,0.08275
5,298,0.04825
5,299,0.6315
5,300,0.03275
5,301,0.02925
5,302,0.259
5,303,0.01525
5,304,0.0745
5,305,0.06
5,306,0.049
5,307,0.0475
5,308,0.12575
5,309,0.07375
5,310,0.01225
5,311,0.10775
5,312,0.063
5,313,0.44025
5,314,0.30775
5,315,0.02
5,316,0.05775
5,317,0.02775
5,318,0.02875
5,319,0.04725
5,320,0.009
5,321,0.012
5,322,0.06
5,323,0.30925
5,324,0.23825
5,325,0.1615
5,326,0.13625
5,327,0.0425
5,328,0.10475
5,329,0.054
5,330,0.026
5,331,0.01475
5,332,0.0275
5,333,0.1035
5,334,0.14525
5,335,0.258
5,336,0.036
5,337,0.03975
5,338,0.127
5,339,0.0885
5,340,0.00775
5,341,0.07725
5,342,0.00975
5,343,0.03475
5,344,0.04175
5,345,0.0325
5,346,0.02475
5,347,0.0095
5,348,0.3155
5,349,0.07125
5,350,0.03675
5,351,0.10375
5,352,0.0095
5,353,0.075
5,354,0.06225
5,355,0.2655
5,356,0.18825
5,357,0.0165
5,358,0.0145
5,359,0.03
5,360,0.12725
5,361,0.02725
5,362,0.14525
5,363,0.0145
5,364,0.13
5,365,0.18575
5,366,0.1365
5,367,0.1135
5,368,0.149
5,369,0.028
5,370,0.07325
5,371,0.05175
5,372,0.0435
5,373,0.0115
5,374,0.86875
5,375,0.238
5,376,0.535
5,377,0.283
5,378,0.33725
5,379,0.10975
5,380,0.014
5,381,0.06525
5,382,0.07325
5,383,0.94825
5,384,0.041
5,385,0.07525
5,386,0.07525
5,387,0.65475
5,388,0.753
5,389,0.23775
5,390,0.04925
5,391,0.039
5,392,0.01025
5,393,0.0935
5,394,0.021
5,395,0.01925
5,396,0.23625
5,397,0.03325
5,398,0.0175
5,399,0.008
5,400,0.00825
5,401,0.08675
5,402,0.04275
5,403,0.054
5,404,0.03275
5,405,0.03625
5,406,0.19075
5,407,0.0385
5,408,0.0175
5,409,0.03375
5,410,0.07625
5,411,0.0375
5,412,0.138
5,413,0.01125
5,414,0.34775
5,415,0.58075
5,416,0.05075
5,417,0.6455
5,418,0.16975
5,419,0.035
5,420,0.0565
5,421,0.01325
5,422,0.06
5,423,0.0595
5,424,0.1795
5,425,0.04975
5,426,0.094
5,427,0.04425
5,428,0.0205
5,429,0.03575
5,430,0.019
5,431,0.0145
5,432,0.03875
5,433,0.02775
5,434,0.0165
5,435,0.04975
5,436,0.368
5,437,0.03725
5,438,0.01525
5,439,0.62825
5,440,0.0185
5,441,0.03325
5,442,0.044
5,443,0.0725
5,444,0.03275
5,445,0.5575
5,446,0.1245
5,447,0.23725
5,448,0.10075
5,449,0.09425
5,450,0.2825
5,451,0.954
5,452,0.301
5,453,0.038
5,454,0.12425
5,455,0.374
5,456,0.008
5,457,0.03025
5,458,0.0855
5,459,0.051
5,460,0.05025
5,461,0.03825
5,462,0.02225
5,463,0.02225
5,464,0.587
5,465,0.18925
5,466,0.034
5,467,0.0375
5,468,0.38
5,469,0.34875
5,470,0.042
5,471,0.05225
5,472,0.22675
5,473,0.03875
5,474,0.15175
5,475,0.07125
5,476,0.017
5,477,0.01325
5,478,0.1215
5,479,0.08325
5,480,0.02375
5,481,0.27625
5,482,0.01075
5,483,0.031
5,484,0.02425
5,485,0.01425
5,486,0.02125
5,487,0.012
